Model,Label,Learning Rate,N Critic,Clip Value,Gradient Penalty,Kullback-Leibler Divergence,Inception Score
CGAN,GEOTECWIFI03,5e-05,,,,0.15989384921516187,672.4104999304136
CGAN,480Invitados,5e-05,,,,0.18830108932372797,367.89159353078816
CGAN,eduroam,5e-05,,,,0.0020986064625150144,508.10327640977914
CGAN,wpen-uji,5e-05,,,,0.1109686200003871,462.5887085932903
CGAN,lt1iot,5e-05,,,,0.19447840213697912,405.4485384004958
CGAN,cuatroochenta,5e-05,,,,0.1512715434660352,341.8566892012389
CGAN,UJI,5e-05,,,,0.002537611703550837,408.43283459494444
CGAN,GEOTECWIFI03,0.0001,,,,0.002880101988200101,465.5042858498565
CGAN,480Invitados,0.0001,,,,0.039241056172204365,324.102459958094
CGAN,eduroam,0.0001,,,,0.00020924870817195422,305.3306137842317
CGAN,wpen-uji,0.0001,,,,0.021463671496323333,299.02044176864905
CGAN,lt1iot,0.0001,,,,0.016980182194080796,367.1184678727782
CGAN,cuatroochenta,0.0001,,,,0.05779751818268047,324.93030711458664
CGAN,UJI,0.0001,,,,0.00048440273343171823,353.29865980368265
CGAN,GEOTECWIFI03,0.0005,,,,0.006518840858563073,474.6384729462803
CGAN,480Invitados,0.0005,,,,0.012631526569860293,283.5950844293594
CGAN,eduroam,0.0005,,,,0.00015684398510736747,248.57608508174025
CGAN,wpen-uji,0.0005,,,,0.0514353840761427,255.36331806786905
CGAN,lt1iot,0.0005,,,,0.025765292312287625,268.68822498752104
CGAN,cuatroochenta,0.0005,,,,0.03220866733009061,269.82933436311663
CGAN,UJI,0.0005,,,,0.0003977566030246948,290.97187466445723
CGAN,GEOTECWIFI03,0.001,,,,0.041251085594210896,1455.2456903997227
CGAN,480Invitados,0.001,,,,,1011.0521264193738
CGAN,eduroam,0.001,,,,0.006293860166983065,1028.3292520109549
CGAN,wpen-uji,0.001,,,,,1099.7371167423844
CGAN,lt1iot,0.001,,,,,1113.1887090198234
CGAN,cuatroochenta,0.001,,,,,1076.6773547979087
CGAN,UJI,0.001,,,,0.005423064746042323,1059.7896746545027
CGAN,GEOTECWIFI03,0.005,,,,14.15719585766249,1175.0698378667817
CGAN,480Invitados,0.005,,,,11.242106561172417,884.8659864679038
CGAN,eduroam,0.005,,,,14.073788269144364,754.2258676634708
CGAN,wpen-uji,0.005,,,,11.539374508677982,999.1281504371739
CGAN,lt1iot,0.005,,,,14.654466995557575,922.3052616596692
CGAN,cuatroochenta,0.005,,,,12.75190036671686,908.6618239919467
CGAN,UJI,0.005,,,,11.339196481769362,804.5529551390496
WCGAN,GEOTECWIFI03,5e-05,1.0,0.001,,0.02147228450737381,797.5504305271014
WCGAN,480Invitados,5e-05,1.0,0.001,,0.1549588939872593,670.7110365617291
WCGAN,eduroam,5e-05,1.0,0.001,,0.015271933264747177,554.6760902009803
WCGAN,wpen-uji,5e-05,1.0,0.001,,0.39593243056423666,738.4468451367648
WCGAN,lt1iot,5e-05,1.0,0.001,,0.4963977184749033,803.1709022068083
WCGAN,cuatroochenta,5e-05,1.0,0.001,,0.13722631558226955,656.8257978655973
WCGAN,UJI,5e-05,1.0,0.001,,0.008698652210629067,561.758153242874
WCGAN,GEOTECWIFI03,5e-05,1.0,0.005,,0.22572528271193693,1349.2181749026474
WCGAN,480Invitados,5e-05,1.0,0.005,,0.3394678308872414,1130.0012289069305
WCGAN,eduroam,5e-05,1.0,0.005,,0.27138792767345704,1119.467453672785
WCGAN,wpen-uji,5e-05,1.0,0.005,,0.4439372874612756,1200.1694168544193
WCGAN,lt1iot,5e-05,1.0,0.005,,0.6369063793599675,1223.8775863818244
WCGAN,cuatroochenta,5e-05,1.0,0.005,,0.33661453408223785,1204.551873456146
WCGAN,UJI,5e-05,1.0,0.005,,0.20546009740296528,1137.283433619599
WCGAN,GEOTECWIFI03,5e-05,1.0,0.01,,0.14710628537647893,722.5120468487783
WCGAN,480Invitados,5e-05,1.0,0.01,,0.2274594799220345,816.0455930389319
WCGAN,eduroam,5e-05,1.0,0.01,,0.17356797952554387,690.0654583826673
WCGAN,wpen-uji,5e-05,1.0,0.01,,0.4351681351023889,875.5315750835554
WCGAN,lt1iot,5e-05,1.0,0.01,,0.6010285747447197,856.6668923844734
WCGAN,cuatroochenta,5e-05,1.0,0.01,,0.2058861818996686,783.8429825835801
WCGAN,UJI,5e-05,1.0,0.01,,0.13042827674857863,749.2244767408272
WCGAN,GEOTECWIFI03,5e-05,1.0,0.05,,0.09154406834896883,865.143961465968
WCGAN,480Invitados,5e-05,1.0,0.05,,0.3602120032365661,500.13656847889933
WCGAN,eduroam,5e-05,1.0,0.05,,0.008454080352019402,727.894577514236
WCGAN,wpen-uji,5e-05,1.0,0.05,,1.0333840793367464,658.2169884020568
WCGAN,lt1iot,5e-05,1.0,0.05,,0.9116616088153162,795.6774478289756
WCGAN,cuatroochenta,5e-05,1.0,0.05,,0.737014293096207,531.8246945755855
WCGAN,UJI,5e-05,1.0,0.05,,0.007030291055565949,632.707082003051
WCGAN,GEOTECWIFI03,5e-05,1.0,0.1,,0.18569450114485447,927.4884367032685
WCGAN,480Invitados,5e-05,1.0,0.1,,0.13339338855469862,472.4165882273545
WCGAN,eduroam,5e-05,1.0,0.1,,0.010886865042971754,416.1085347069613
WCGAN,wpen-uji,5e-05,1.0,0.1,,0.5464354462555214,601.4973362996374
WCGAN,lt1iot,5e-05,1.0,0.1,,0.4038819098318758,775.5422666258208
WCGAN,cuatroochenta,5e-05,1.0,0.1,,0.2047974622913498,518.7190214996873
WCGAN,UJI,5e-05,1.0,0.1,,0.0064744370891389735,603.6578030291229
WCGAN,GEOTECWIFI03,5e-05,2.0,0.001,,0.04613280440706713,1276.5236494789424
WCGAN,480Invitados,5e-05,2.0,0.001,,0.1545814506422505,1096.3738261763242
WCGAN,eduroam,5e-05,2.0,0.001,,0.032478625274097485,1239.0821871688863
WCGAN,wpen-uji,5e-05,2.0,0.001,,0.3937635547266951,1134.2924496596313
WCGAN,lt1iot,5e-05,2.0,0.001,,0.537302761985157,1252.380157756567
WCGAN,cuatroochenta,5e-05,2.0,0.001,,0.14236412216489663,1100.8502105034877
WCGAN,UJI,5e-05,2.0,0.001,,0.022729529753920064,1268.8730497837953
WCGAN,GEOTECWIFI03,5e-05,2.0,0.005,,0.05337451655667279,1426.5226507267216
WCGAN,480Invitados,5e-05,2.0,0.005,,0.23853712990272108,1382.4438799037089
WCGAN,eduroam,5e-05,2.0,0.005,,0.06370069895942462,1429.2316238114945
WCGAN,wpen-uji,5e-05,2.0,0.005,,0.49803865773975187,1449.9211005572602
WCGAN,lt1iot,5e-05,2.0,0.005,,0.5682457964234173,1438.1006942459996
WCGAN,cuatroochenta,5e-05,2.0,0.005,,0.23746711843285995,1409.6463619788524
WCGAN,UJI,5e-05,2.0,0.005,,0.06981388481325136,1458.5778257695981
WCGAN,GEOTECWIFI03,5e-05,2.0,0.01,,0.24309368172013046,787.4662405599873
WCGAN,480Invitados,5e-05,2.0,0.01,,0.23118636861324166,538.3263329750324
WCGAN,eduroam,5e-05,2.0,0.01,,0.2949517247765734,469.33685883703686
WCGAN,wpen-uji,5e-05,2.0,0.01,,0.43482061535572913,676.7423156158433
WCGAN,lt1iot,5e-05,2.0,0.01,,0.6818397165223685,694.8245159193791
WCGAN,cuatroochenta,5e-05,2.0,0.01,,0.22525965027843192,598.9559701760401
WCGAN,UJI,5e-05,2.0,0.01,,0.23307199743605386,461.7880071010269
WCGAN,GEOTECWIFI03,5e-05,2.0,0.05,,0.030552474001487768,733.6842810523129
WCGAN,480Invitados,5e-05,2.0,0.05,,0.26415244966629237,569.4230050655814
WCGAN,eduroam,5e-05,2.0,0.05,,0.011456857957994553,496.0291561896221
WCGAN,wpen-uji,5e-05,2.0,0.05,,0.500268099464666,459.11169605367627
WCGAN,lt1iot,5e-05,2.0,0.05,,0.727356727556291,996.5488097283305
WCGAN,cuatroochenta,5e-05,2.0,0.05,,0.2346662849800634,527.5214271539119
WCGAN,UJI,5e-05,2.0,0.05,,0.011771323359664649,501.8111311729184
WCGAN,GEOTECWIFI03,5e-05,2.0,0.1,,0.04590423264284737,729.4354873203479
WCGAN,480Invitados,5e-05,2.0,0.1,,0.1412219359105257,456.82032658413465
WCGAN,eduroam,5e-05,2.0,0.1,,0.008001670562019494,447.76869725184844
WCGAN,wpen-uji,5e-05,2.0,0.1,,0.2050715745747306,463.74565565559726
WCGAN,lt1iot,5e-05,2.0,0.1,,0.2992995462717318,520.5323677125923
WCGAN,cuatroochenta,5e-05,2.0,0.1,,0.15687245173190595,502.52096058658117
WCGAN,UJI,5e-05,2.0,0.1,,0.011954749202826069,537.7046880720347
WCGAN,GEOTECWIFI03,5e-05,3.0,0.001,,0.022713250304754816,699.2973569405044
WCGAN,480Invitados,5e-05,3.0,0.001,,0.22361640680694297,470.52426934586214
WCGAN,eduroam,5e-05,3.0,0.001,,0.013400988945476276,464.50186610426886
WCGAN,wpen-uji,5e-05,3.0,0.001,,0.3867545066090596,584.792080278546
WCGAN,lt1iot,5e-05,3.0,0.001,,0.4280825729868343,569.1293620941085
WCGAN,cuatroochenta,5e-05,3.0,0.001,,0.21612642048316477,515.0450941796036
WCGAN,UJI,5e-05,3.0,0.001,,0.009606086186980604,483.3765241943421
WCGAN,GEOTECWIFI03,5e-05,3.0,0.005,,0.17197046599557708,1037.9298571467766
WCGAN,480Invitados,5e-05,3.0,0.005,,0.18461933957474908,1027.4141378906977
WCGAN,eduroam,5e-05,3.0,0.005,,0.1624463457175524,930.911004925264
WCGAN,wpen-uji,5e-05,3.0,0.005,,0.5084905075838809,1135.7379160749226
WCGAN,lt1iot,5e-05,3.0,0.005,,0.5686803589998676,1129.925842744646
WCGAN,cuatroochenta,5e-05,3.0,0.005,,0.16730912903969225,1091.1770715504315
WCGAN,UJI,5e-05,3.0,0.005,,0.14707945633853858,964.7354826277638
WCGAN,GEOTECWIFI03,5e-05,3.0,0.01,,0.0937802631605266,1079.9488837283925
WCGAN,480Invitados,5e-05,3.0,0.01,,0.3644960074539595,955.8356125018329
WCGAN,eduroam,5e-05,3.0,0.01,,0.15446181398436448,774.5615986893774
WCGAN,wpen-uji,5e-05,3.0,0.01,,0.3841419234046697,945.1795454316662
WCGAN,lt1iot,5e-05,3.0,0.01,,0.32551988817110245,961.0448669251521
WCGAN,cuatroochenta,5e-05,3.0,0.01,,0.26674623153555266,962.940223038197
WCGAN,UJI,5e-05,3.0,0.01,,0.047631297035455614,773.9452511321355
WCGAN,GEOTECWIFI03,5e-05,3.0,0.05,,0.5459544691114058,937.9034589882494
WCGAN,480Invitados,5e-05,3.0,0.05,,4.657823273379911,966.5777071450816
WCGAN,eduroam,5e-05,3.0,0.05,,0.00638246613716994,584.8259595702997
WCGAN,wpen-uji,5e-05,3.0,0.05,,4.143775667393639,1035.395223356752
WCGAN,lt1iot,5e-05,3.0,0.05,,4.6753348462454385,1068.3328485439283
WCGAN,cuatroochenta,5e-05,3.0,0.05,,4.0570374614171865,1012.5371296620503
WCGAN,UJI,5e-05,3.0,0.05,,0.7433527342941986,828.1909418833319
WCGAN,GEOTECWIFI03,5e-05,3.0,0.1,,0.006046996444837758,611.4842655724949
WCGAN,480Invitados,5e-05,3.0,0.1,,0.03959085929531626,445.75805286758793
WCGAN,eduroam,5e-05,3.0,0.1,,0.002093265041420903,347.6675411629176
WCGAN,wpen-uji,5e-05,3.0,0.1,,0.0854581151753859,506.2678286812695
WCGAN,lt1iot,5e-05,3.0,0.1,,0.2283567349508849,488.49378039004284
WCGAN,cuatroochenta,5e-05,3.0,0.1,,0.030498777415142037,456.8490524601126
WCGAN,UJI,5e-05,3.0,0.1,,0.0023856295411637876,415.6621170517699
WCGAN,GEOTECWIFI03,5e-05,4.0,0.001,,0.015920814425714483,1426.0206209415012
WCGAN,480Invitados,5e-05,4.0,0.001,,0.13691315940682203,421.42984517149245
WCGAN,eduroam,5e-05,4.0,0.001,,0.007014529378132739,1492.5467810328803
WCGAN,wpen-uji,5e-05,4.0,0.001,,0.25954447312815065,559.7163440549539
WCGAN,lt1iot,5e-05,4.0,0.001,,0.2806698199472838,553.3091437183514
WCGAN,cuatroochenta,5e-05,4.0,0.001,,0.09436609694418137,445.9548711070376
WCGAN,UJI,5e-05,4.0,0.001,,0.003476300447629862,1412.2923610604437
WCGAN,GEOTECWIFI03,5e-05,4.0,0.005,,0.0682528304993889,1097.4762405247243
WCGAN,480Invitados,5e-05,4.0,0.005,,0.14497879018291102,985.3386789644053
WCGAN,eduroam,5e-05,4.0,0.005,,0.040104048919283236,1041.4053871245055
WCGAN,wpen-uji,5e-05,4.0,0.005,,0.4997588898993915,1093.2609271985816
WCGAN,lt1iot,5e-05,4.0,0.005,,0.5868790813788047,1084.2086567932838
WCGAN,cuatroochenta,5e-05,4.0,0.005,,0.13533098008763333,1014.2434192507029
WCGAN,UJI,5e-05,4.0,0.005,,0.04032561862201779,1042.9697888611581
WCGAN,GEOTECWIFI03,5e-05,4.0,0.01,,0.18194120533538088,1280.6233331039612
WCGAN,480Invitados,5e-05,4.0,0.01,,0.28299389166888567,1064.2763521856791
WCGAN,eduroam,5e-05,4.0,0.01,,0.15072450419377292,1010.1439832779706
WCGAN,wpen-uji,5e-05,4.0,0.01,,0.6483936231849928,1104.4465461197951
WCGAN,lt1iot,5e-05,4.0,0.01,,0.6958926259454532,1083.0328173884204
WCGAN,cuatroochenta,5e-05,4.0,0.01,,0.27459546324501727,1076.092924880074
WCGAN,UJI,5e-05,4.0,0.01,,0.14503900337363348,1059.536295746966
WCGAN,GEOTECWIFI03,5e-05,4.0,0.05,,0.08903232303123117,1597.3460624981262
WCGAN,480Invitados,5e-05,4.0,0.05,,0.4779889890689143,1295.2025699671512
WCGAN,eduroam,5e-05,4.0,0.05,,0.07171317424249642,1349.112765971165
WCGAN,wpen-uji,5e-05,4.0,0.05,,0.5468992065249851,1412.4872901893673
WCGAN,lt1iot,5e-05,4.0,0.05,,0.39843784236338986,1758.2354374086215
WCGAN,cuatroochenta,5e-05,4.0,0.05,,0.4432759515106694,1418.6215668825976
WCGAN,UJI,5e-05,4.0,0.05,,0.08496802643153109,1142.6156896958369
WCGAN,GEOTECWIFI03,5e-05,4.0,0.1,,0.19129005107301858,996.4917981066571
WCGAN,480Invitados,5e-05,4.0,0.1,,0.6223862776364869,771.7484009306761
WCGAN,eduroam,5e-05,4.0,0.1,,0.01528627865038993,531.3540464767451
WCGAN,wpen-uji,5e-05,4.0,0.1,,0.3231017481209263,752.1149657693732
WCGAN,lt1iot,5e-05,4.0,0.1,,0.5820611439053344,1036.0429021555528
WCGAN,cuatroochenta,5e-05,4.0,0.1,,0.767105825859395,1274.49961910116
WCGAN,UJI,5e-05,4.0,0.1,,0.11423869144467694,1438.7827383499136
WCGAN,GEOTECWIFI03,5e-05,5.0,0.001,,0.011531776736249862,765.7009790114233
WCGAN,480Invitados,5e-05,5.0,0.001,,0.40693745480514776,1375.0651579660919
WCGAN,eduroam,5e-05,5.0,0.001,,0.004690482947161779,499.99803866647926
WCGAN,wpen-uji,5e-05,5.0,0.001,,0.23728328816706354,1152.1435657840025
WCGAN,lt1iot,5e-05,5.0,0.001,,0.4546862847437175,1131.6883582735975
WCGAN,cuatroochenta,5e-05,5.0,0.001,,0.20666795611502844,1496.9309410993453
WCGAN,UJI,5e-05,5.0,0.001,,0.005714200252570689,476.62525865478244
WCGAN,GEOTECWIFI03,5e-05,5.0,0.005,,0.028464259476452508,612.4394242001538
WCGAN,480Invitados,5e-05,5.0,0.005,,0.13042130484835596,390.9233934528823
WCGAN,eduroam,5e-05,5.0,0.005,,0.013265593091858794,463.8585980695895
WCGAN,wpen-uji,5e-05,5.0,0.005,,0.18241784910111075,526.8799364080201
WCGAN,lt1iot,5e-05,5.0,0.005,,0.2241750942690498,510.64212859278746
WCGAN,cuatroochenta,5e-05,5.0,0.005,,0.07610074715326408,421.2571527584524
WCGAN,UJI,5e-05,5.0,0.005,,0.008032930008443349,782.5516583960932
WCGAN,GEOTECWIFI03,5e-05,5.0,0.01,,0.029631576772381277,1151.0877159748204
WCGAN,480Invitados,5e-05,5.0,0.01,,0.13470441620006302,821.3902911694611
WCGAN,eduroam,5e-05,5.0,0.01,,0.01610706865187618,793.9963394116795
WCGAN,wpen-uji,5e-05,5.0,0.01,,0.4514685421376974,690.2026185514476
WCGAN,lt1iot,5e-05,5.0,0.01,,0.452889037835775,668.9113859912372
WCGAN,cuatroochenta,5e-05,5.0,0.01,,0.12106208598645134,739.7811266600306
WCGAN,UJI,5e-05,5.0,0.01,,0.01043783710848882,838.1472477491989
WCGAN,GEOTECWIFI03,5e-05,5.0,0.05,,0.06246954539770585,956.7525717535445
WCGAN,480Invitados,5e-05,5.0,0.05,,0.7221487694356539,871.3015718643991
WCGAN,eduroam,5e-05,5.0,0.05,,0.03815286766977066,765.0671694919743
WCGAN,wpen-uji,5e-05,5.0,0.05,,0.6081266908000404,992.3376535075384
WCGAN,lt1iot,5e-05,5.0,0.05,,0.5261546962204915,946.1095490278791
WCGAN,cuatroochenta,5e-05,5.0,0.05,,0.6122007541091069,881.2629907618117
WCGAN,UJI,5e-05,5.0,0.05,,0.03748932494559527,783.1806891754412
WCGAN,GEOTECWIFI03,5e-05,5.0,0.1,,0.11439987255764966,787.515261513912
WCGAN,480Invitados,5e-05,5.0,0.1,,0.2848782789233465,2315.825285574334
WCGAN,eduroam,5e-05,5.0,0.1,,0.004003585888275676,382.5364247425174
WCGAN,wpen-uji,5e-05,5.0,0.1,,0.2929191695079516,935.3599366459066
WCGAN,lt1iot,5e-05,5.0,0.1,,0.27579766527332317,896.204310123034
WCGAN,cuatroochenta,5e-05,5.0,0.1,,0.20175342906408578,1317.1430471428534
WCGAN,UJI,5e-05,5.0,0.1,,0.003561807503509152,436.27021508175943
WCGAN,GEOTECWIFI03,0.0001,1.0,0.001,,0.02594488637966294,598.675295106282
WCGAN,480Invitados,0.0001,1.0,0.001,,0.15139613656328638,405.72138440692055
WCGAN,eduroam,0.0001,1.0,0.001,,0.010933761422740162,348.6066879044601
WCGAN,wpen-uji,0.0001,1.0,0.001,,0.3875773672122972,514.1924492307061
WCGAN,lt1iot,0.0001,1.0,0.001,,0.4838981714903323,525.9335829059762
WCGAN,cuatroochenta,0.0001,1.0,0.001,,0.12687177252281104,438.0412190797847
WCGAN,UJI,0.0001,1.0,0.001,,0.003944201382730493,489.54909705885666
WCGAN,GEOTECWIFI03,0.0001,1.0,0.005,,0.014910742908742204,644.9779145617381
WCGAN,480Invitados,0.0001,1.0,0.005,,0.15626722644777308,448.05492964937054
WCGAN,eduroam,0.0001,1.0,0.005,,0.01301255673778278,409.38683212760475
WCGAN,wpen-uji,0.0001,1.0,0.005,,0.3659845569153404,546.8888451852072
WCGAN,lt1iot,0.0001,1.0,0.005,,0.4729143733128024,546.0630054212181
WCGAN,cuatroochenta,0.0001,1.0,0.005,,0.13908495537280297,524.9026226668068
WCGAN,UJI,0.0001,1.0,0.005,,0.004917805457782951,464.26537376819584
WCGAN,GEOTECWIFI03,0.0001,1.0,0.01,,0.01481836219861431,647.1585942504144
WCGAN,480Invitados,0.0001,1.0,0.01,,0.39781098791051966,380.68935404856774
WCGAN,eduroam,0.0001,1.0,0.01,,0.00902612657854112,773.4206126577201
WCGAN,wpen-uji,0.0001,1.0,0.01,,0.5400234992189872,489.154241109137
WCGAN,lt1iot,0.0001,1.0,0.01,,0.17981841667160833,585.2193267169848
WCGAN,cuatroochenta,0.0001,1.0,0.01,,0.21134000587983182,408.01463071223196
WCGAN,UJI,0.0001,1.0,0.01,,0.002572871082934274,578.9555036768114
WCGAN,GEOTECWIFI03,0.0001,1.0,0.05,,0.17786927851035036,870.0655141995086
WCGAN,480Invitados,0.0001,1.0,0.05,,0.20854933665603656,473.63821071498546
WCGAN,eduroam,0.0001,1.0,0.05,,0.0044884739579755285,385.9435908424651
WCGAN,wpen-uji,0.0001,1.0,0.05,,0.3401003373044455,490.6625191765214
WCGAN,lt1iot,0.0001,1.0,0.05,,0.3721270680025942,478.0896426518342
WCGAN,cuatroochenta,0.0001,1.0,0.05,,0.21886556607264068,486.64215743192403
WCGAN,UJI,0.0001,1.0,0.05,,0.006940328695402762,411.02800147429633
WCGAN,GEOTECWIFI03,0.0001,1.0,0.1,,0.013358310136129965,678.7043224157732
WCGAN,480Invitados,0.0001,1.0,0.1,,0.05147142072034644,371.65556754377315
WCGAN,eduroam,0.0001,1.0,0.1,,0.009033151210227804,588.497478284552
WCGAN,wpen-uji,0.0001,1.0,0.1,,0.1327868143538647,409.66448101571757
WCGAN,lt1iot,0.0001,1.0,0.1,,0.14054824683097314,455.5224980456236
WCGAN,cuatroochenta,0.0001,1.0,0.1,,0.08426000980764872,417.5960388018258
WCGAN,UJI,0.0001,1.0,0.1,,0.012133899698667305,654.2577765216595
WCGAN,GEOTECWIFI03,0.0001,2.0,0.001,,0.008424089467046661,635.4996167093336
WCGAN,480Invitados,0.0001,2.0,0.001,,0.16966412232225894,412.7849672747127
WCGAN,eduroam,0.0001,2.0,0.001,,0.0031889455792574184,366.92364545106193
WCGAN,wpen-uji,0.0001,2.0,0.001,,0.17284706739503772,568.6666054192381
WCGAN,lt1iot,0.0001,2.0,0.001,,0.41382602641007743,625.9536019260548
WCGAN,cuatroochenta,0.0001,2.0,0.001,,0.07676179405539615,458.55210289478083
WCGAN,UJI,0.0001,2.0,0.001,,0.0030315425840363227,364.4692176200573
WCGAN,GEOTECWIFI03,0.0001,2.0,0.005,,0.031157226980609215,667.652321387008
WCGAN,480Invitados,0.0001,2.0,0.005,,0.2697592097063492,420.0438148191684
WCGAN,eduroam,0.0001,2.0,0.005,,0.010901565098681358,633.3612183267577
WCGAN,wpen-uji,0.0001,2.0,0.005,,0.598049204879977,595.6445579965434
WCGAN,lt1iot,0.0001,2.0,0.005,,0.5034574917178463,555.6446486115171
WCGAN,cuatroochenta,0.0001,2.0,0.005,,0.20966815190537785,478.5639605487716
WCGAN,UJI,0.0001,2.0,0.005,,0.009199269750531957,627.8186637937802
WCGAN,GEOTECWIFI03,0.0001,2.0,0.01,,0.03713915415517771,605.4225416628819
WCGAN,480Invitados,0.0001,2.0,0.01,,0.12283445830289108,454.05178873672185
WCGAN,eduroam,0.0001,2.0,0.01,,0.009993981905462856,411.73196888356705
WCGAN,wpen-uji,0.0001,2.0,0.01,,0.5054499199100306,571.244985564681
WCGAN,lt1iot,0.0001,2.0,0.01,,0.21534088726731002,595.8507523486194
WCGAN,cuatroochenta,0.0001,2.0,0.01,,0.3325354064599769,566.3119593837653
WCGAN,UJI,0.0001,2.0,0.01,,0.0046064121757813485,599.6672533996488
WCGAN,GEOTECWIFI03,0.0001,2.0,0.05,,0.052383843554140164,933.2799262987411
WCGAN,480Invitados,0.0001,2.0,0.05,,0.5216811394549143,703.1392114378971
WCGAN,eduroam,0.0001,2.0,0.05,,0.0022223155947593137,408.1642840724999
WCGAN,wpen-uji,0.0001,2.0,0.05,,0.5470109896299967,603.6307082159134
WCGAN,lt1iot,0.0001,2.0,0.05,,0.4957695490531974,522.6226427467153
WCGAN,cuatroochenta,0.0001,2.0,0.05,,0.7530138846666676,1099.7921352389255
WCGAN,UJI,0.0001,2.0,0.05,,0.00448200210157525,429.7106199332196
WCGAN,GEOTECWIFI03,0.0001,2.0,0.1,,0.01653261439962493,764.7699729095989
WCGAN,480Invitados,0.0001,2.0,0.1,,0.03505001251126326,409.2729805624298
WCGAN,eduroam,0.0001,2.0,0.1,,0.0029231872078149855,410.40348313310045
WCGAN,wpen-uji,0.0001,2.0,0.1,,0.12227523891200423,678.2605205954018
WCGAN,lt1iot,0.0001,2.0,0.1,,0.10993691467949834,594.0804598218833
WCGAN,cuatroochenta,0.0001,2.0,0.1,,0.06294474858393824,421.41771997403066
WCGAN,UJI,0.0001,2.0,0.1,,0.0025609321726521393,411.5989291126324
WCGAN,GEOTECWIFI03,0.0001,3.0,0.001,,0.01533119026638012,748.024041392929
WCGAN,480Invitados,0.0001,3.0,0.001,,0.22686491126783864,405.56805990400863
WCGAN,eduroam,0.0001,3.0,0.001,,0.008693341511398348,437.93584333316426
WCGAN,wpen-uji,0.0001,3.0,0.001,,0.2123992912611665,525.0079100978962
WCGAN,lt1iot,0.0001,3.0,0.001,,0.33347654677846417,517.6902857879315
WCGAN,cuatroochenta,0.0001,3.0,0.001,,0.1311965937491105,447.65445783386394
WCGAN,UJI,0.0001,3.0,0.001,,0.0021191400575621506,414.42388449988385
WCGAN,GEOTECWIFI03,0.0001,3.0,0.005,,0.020945309072627705,672.4496198805541
WCGAN,480Invitados,0.0001,3.0,0.005,,0.9596017100210216,1174.9759029971733
WCGAN,eduroam,0.0001,3.0,0.005,,0.003710395503916792,309.70490684054323
WCGAN,wpen-uji,0.0001,3.0,0.005,,0.8014115697669154,1310.9281169205829
WCGAN,lt1iot,0.0001,3.0,0.005,,0.7168423912319423,1158.731488246931
WCGAN,cuatroochenta,0.0001,3.0,0.005,,0.704928536218969,934.1651537958097
WCGAN,UJI,0.0001,3.0,0.005,,0.02058775810643452,1124.4245762681219
WCGAN,GEOTECWIFI03,0.0001,3.0,0.01,,0.29245845674716964,937.6100086157002
WCGAN,480Invitados,0.0001,3.0,0.01,,0.9210746819552336,495.2831405037397
WCGAN,eduroam,0.0001,3.0,0.01,,0.05000237788284294,1759.2632642811925
WCGAN,wpen-uji,0.0001,3.0,0.01,,0.4622586623544362,600.3704203556028
WCGAN,lt1iot,0.0001,3.0,0.01,,0.5292912840467693,964.0603360510524
WCGAN,cuatroochenta,0.0001,3.0,0.01,,1.5169509293621075,564.3480209281533
WCGAN,UJI,0.0001,3.0,0.01,,0.020562516022761275,1463.3330937297385
WCGAN,GEOTECWIFI03,0.0001,3.0,0.05,,0.023876388214862574,742.5360478837009
WCGAN,480Invitados,0.0001,3.0,0.05,,1.0019339931044404,569.5885147588563
WCGAN,eduroam,0.0001,3.0,0.05,,0.002483740807616139,466.6946233706693
WCGAN,wpen-uji,0.0001,3.0,0.05,,1.3185254013297016,859.66690636853
WCGAN,lt1iot,0.0001,3.0,0.05,,0.2974672112347938,1077.1150592730958
WCGAN,cuatroochenta,0.0001,3.0,0.05,,0.4330174520335407,577.4912010896151
WCGAN,UJI,0.0001,3.0,0.05,,0.028501224788294748,512.9350482768227
WCGAN,GEOTECWIFI03,0.0001,3.0,0.1,,0.04597733655552383,1270.2726687691752
WCGAN,480Invitados,0.0001,3.0,0.1,,1.723442283509026,1548.8298916571857
WCGAN,eduroam,0.0001,3.0,0.1,,0.022562219385234842,988.4423648157785
WCGAN,wpen-uji,0.0001,3.0,0.1,,2.914175640881265,1583.4032995713708
WCGAN,lt1iot,0.0001,3.0,0.1,,3.1364971284207317,1804.746771676345
WCGAN,cuatroochenta,0.0001,3.0,0.1,,1.9053970944587355,1569.140687868987
WCGAN,UJI,0.0001,3.0,0.1,,0.02478607367440094,1006.928278343658
WCGAN,GEOTECWIFI03,0.0001,4.0,0.001,,0.006596901806394741,803.1571917809604
WCGAN,480Invitados,0.0001,4.0,0.001,,0.16100220025269518,506.0144243442463
WCGAN,eduroam,0.0001,4.0,0.001,,0.0026820114850786966,422.824781449895
WCGAN,wpen-uji,0.0001,4.0,0.001,,0.15190868201035126,602.0176778993967
WCGAN,lt1iot,0.0001,4.0,0.001,,0.36297698247198906,613.7635799982975
WCGAN,cuatroochenta,0.0001,4.0,0.001,,0.11861521352288835,557.6586064253158
WCGAN,UJI,0.0001,4.0,0.001,,0.0021697251185332986,380.6498743605956
WCGAN,GEOTECWIFI03,0.0001,4.0,0.005,,0.01492610681607695,603.6364391712274
WCGAN,480Invitados,0.0001,4.0,0.005,,0.25333801013469887,499.59758823399125
WCGAN,eduroam,0.0001,4.0,0.005,,0.006550314103618039,383.03819262289505
WCGAN,wpen-uji,0.0001,4.0,0.005,,0.3382643773554288,508.57516494713195
WCGAN,lt1iot,0.0001,4.0,0.005,,0.17197124792783533,555.0350751201547
WCGAN,cuatroochenta,0.0001,4.0,0.005,,0.26194652951820546,504.5023368196883
WCGAN,UJI,0.0001,4.0,0.005,,0.004784838087395622,415.14434155962203
WCGAN,GEOTECWIFI03,0.0001,4.0,0.01,,0.04670218381352671,1278.867635375347
WCGAN,480Invitados,0.0001,4.0,0.01,,0.38248557139568307,404.43925100023046
WCGAN,eduroam,0.0001,4.0,0.01,,0.042742395577110175,1468.1035877182044
WCGAN,wpen-uji,0.0001,4.0,0.01,,0.3242088529768943,553.8546515128904
WCGAN,lt1iot,0.0001,4.0,0.01,,0.9126611847982767,525.7396755385204
WCGAN,cuatroochenta,0.0001,4.0,0.01,,0.386124957630447,491.41794310482044
WCGAN,UJI,0.0001,4.0,0.01,,0.007109587408845964,842.4492705770112
WCGAN,GEOTECWIFI03,0.0001,4.0,0.05,,0.03353563986990108,1806.2510471967714
WCGAN,480Invitados,0.0001,4.0,0.05,,0.2635413638853657,730.9372522957113
WCGAN,eduroam,0.0001,4.0,0.05,,0.010128134862343624,1782.5729487460553
WCGAN,wpen-uji,0.0001,4.0,0.05,,0.26096735694827766,694.9217320467726
WCGAN,lt1iot,0.0001,4.0,0.05,,0.4525788976694088,852.3182449836381
WCGAN,cuatroochenta,0.0001,4.0,0.05,,0.14667827805862013,907.7351567790897
WCGAN,UJI,0.0001,4.0,0.05,,0.24809656925072837,1952.8444860493319
WCGAN,GEOTECWIFI03,0.0001,4.0,0.1,,0.4859062681498102,1124.2726558465351
WCGAN,480Invitados,0.0001,4.0,0.1,,0.4065376126228153,1895.4792006993794
WCGAN,eduroam,0.0001,4.0,0.1,,0.0037988854823468466,677.6364927994416
WCGAN,wpen-uji,0.0001,4.0,0.1,,0.6482804997433511,1245.0704206227933
WCGAN,lt1iot,0.0001,4.0,0.1,,0.8417419616487163,2014.902603038031
WCGAN,cuatroochenta,0.0001,4.0,0.1,,0.4287172316585702,1416.8875566963743
WCGAN,UJI,0.0001,4.0,0.1,,0.005017289677411925,481.7922960454551
WCGAN,GEOTECWIFI03,0.0001,5.0,0.001,,0.02821352319760359,840.7368471059089
WCGAN,480Invitados,0.0001,5.0,0.001,,0.336658377855752,425.95703687228075
WCGAN,eduroam,0.0001,5.0,0.001,,0.004217764208464293,494.1521411527666
WCGAN,wpen-uji,0.0001,5.0,0.001,,0.2641527501913477,571.5465744846997
WCGAN,lt1iot,0.0001,5.0,0.001,,0.4390019763993465,561.8724888724848
WCGAN,cuatroochenta,0.0001,5.0,0.001,,0.10498348118241219,480.9914372081579
WCGAN,UJI,0.0001,5.0,0.001,,0.0035576683174793344,458.371226509776
WCGAN,GEOTECWIFI03,0.0001,5.0,0.005,,0.01892376746251615,651.7760975246431
WCGAN,480Invitados,0.0001,5.0,0.005,,0.3991912341259465,509.5934447178269
WCGAN,eduroam,0.0001,5.0,0.005,,0.00517411541858033,319.2393776719053
WCGAN,wpen-uji,0.0001,5.0,0.005,,2.1509870641614235,995.4905252149847
WCGAN,lt1iot,0.0001,5.0,0.005,,0.4226568027579763,535.4905429164139
WCGAN,cuatroochenta,0.0001,5.0,0.005,,0.42628157856417426,563.2885996089558
WCGAN,UJI,0.0001,5.0,0.005,,0.003433415112568004,358.22173232515706
WCGAN,GEOTECWIFI03,0.0001,5.0,0.01,,0.013451098809778197,656.034098071442
WCGAN,480Invitados,0.0001,5.0,0.01,,1.0234727303701368,444.3782965185477
WCGAN,eduroam,0.0001,5.0,0.01,,0.005553822190999237,353.65175480698235
WCGAN,wpen-uji,0.0001,5.0,0.01,,0.26841351762714893,618.2769784109188
WCGAN,lt1iot,0.0001,5.0,0.01,,0.3859847910474085,662.4705107093853
WCGAN,cuatroochenta,0.0001,5.0,0.01,,0.2500381761743926,481.1520668484005
WCGAN,UJI,0.0001,5.0,0.01,,0.003629030266092347,385.3833903262947
WCGAN,GEOTECWIFI03,0.0001,5.0,0.05,,0.042081598088185124,1279.3204355864455
WCGAN,480Invitados,0.0001,5.0,0.05,,0.1792226723334709,1075.3974790686443
WCGAN,eduroam,0.0001,5.0,0.05,,0.039909625102363996,1122.0921924614267
WCGAN,wpen-uji,0.0001,5.0,0.05,,0.46493413797517824,1176.2281014810048
WCGAN,lt1iot,0.0001,5.0,0.05,,0.5323609875304206,1204.5000905973359
WCGAN,cuatroochenta,0.0001,5.0,0.05,,0.1537573527624293,1085.334772210099
WCGAN,UJI,0.0001,5.0,0.05,,0.035419990051780176,1172.8242303748493
WCGAN,GEOTECWIFI03,0.0001,5.0,0.1,,0.07758347878209312,1015.7319130274017
WCGAN,480Invitados,0.0001,5.0,0.1,,0.2465888773845524,473.80736935395987
WCGAN,eduroam,0.0001,5.0,0.1,,0.003924150639044725,511.72663747697095
WCGAN,wpen-uji,0.0001,5.0,0.1,,0.10638608628211618,480.2736006256896
WCGAN,lt1iot,0.0001,5.0,0.1,,0.17753285103809713,680.7519278300445
WCGAN,cuatroochenta,0.0001,5.0,0.1,,0.16542490041155827,500.02038287609287
WCGAN,UJI,0.0001,5.0,0.1,,0.004513875395689596,486.3088186552861
WCGAN,GEOTECWIFI03,0.0005,1.0,0.001,,0.023464185222607625,825.5166555136669
WCGAN,480Invitados,0.0005,1.0,0.001,,0.2649143960275915,686.0087679298247
WCGAN,eduroam,0.0005,1.0,0.001,,0.015547391129822197,750.6066510556336
WCGAN,wpen-uji,0.0005,1.0,0.001,,0.30505106254032943,866.4559456188174
WCGAN,lt1iot,0.0005,1.0,0.001,,0.40772865174055006,697.2040157585874
WCGAN,cuatroochenta,0.0005,1.0,0.001,,0.20064993845033358,678.5807211980991
WCGAN,UJI,0.0005,1.0,0.001,,0.008238939826161244,765.5182408666316
WCGAN,GEOTECWIFI03,0.0005,1.0,0.005,,0.00513344770532205,514.8492461925209
WCGAN,480Invitados,0.0005,1.0,0.005,,0.12161478843401434,394.23617172892614
WCGAN,eduroam,0.0005,1.0,0.005,,0.0039022979815443795,419.7492885142001
WCGAN,wpen-uji,0.0005,1.0,0.005,,0.21421283207571362,524.6418062623616
WCGAN,lt1iot,0.0005,1.0,0.005,,0.25845986611543303,554.606724981277
WCGAN,cuatroochenta,0.0005,1.0,0.005,,0.052710503380427785,409.39472754628576
WCGAN,UJI,0.0005,1.0,0.005,,0.0013180138076374897,459.6876737965383
WCGAN,GEOTECWIFI03,0.0005,1.0,0.01,,0.002297980444358484,664.7422883015741
WCGAN,480Invitados,0.0005,1.0,0.01,,0.01650622813296532,364.08563659967973
WCGAN,eduroam,0.0005,1.0,0.01,,0.0007242472688502718,344.0430162450385
WCGAN,wpen-uji,0.0005,1.0,0.01,,0.052418824693016675,439.00645280766275
WCGAN,lt1iot,0.0005,1.0,0.01,,0.041275975929116984,473.5678958405522
WCGAN,cuatroochenta,0.0005,1.0,0.01,,0.034055010794137065,395.848898465095
WCGAN,UJI,0.0005,1.0,0.01,,0.0004166917285245218,331.37566547873473
WCGAN,GEOTECWIFI03,0.0005,1.0,0.05,,0.6359634785320425,4234.697232706198
WCGAN,480Invitados,0.0005,1.0,0.05,,0.7367018008351546,826.2510504938298
WCGAN,eduroam,0.0005,1.0,0.05,,0.022939102902789867,2526.144109323416
WCGAN,wpen-uji,0.0005,1.0,0.05,,0.46793975455217984,1006.5229152981717
WCGAN,lt1iot,0.0005,1.0,0.05,,1.5264555425053983,627.4120824634663
WCGAN,cuatroochenta,0.0005,1.0,0.05,,1.192893153795109,723.3057022755975
WCGAN,UJI,0.0005,1.0,0.05,,0.00985239670989968,1199.3774168991677
WCGAN,GEOTECWIFI03,0.0005,1.0,0.1,,0.0015330848660721087,324.84739119667347
WCGAN,480Invitados,0.0005,1.0,0.1,,0.01948342310794402,308.99777639437013
WCGAN,eduroam,0.0005,1.0,0.1,,0.000829236678453177,257.7098076001003
WCGAN,wpen-uji,0.0005,1.0,0.1,,0.02709832386679101,325.3238622826354
WCGAN,lt1iot,0.0005,1.0,0.1,,0.026516824382220243,309.2834871031247
WCGAN,cuatroochenta,0.0005,1.0,0.1,,0.0187257405290482,316.7302415879176
WCGAN,UJI,0.0005,1.0,0.1,,0.0003606893319697672,244.53057380805296
WCGAN,GEOTECWIFI03,0.0005,2.0,0.001,,0.033239596340565794,964.6666318861191
WCGAN,480Invitados,0.0005,2.0,0.001,,0.17462362601955586,461.88469350412265
WCGAN,eduroam,0.0005,2.0,0.001,,0.004067429789366448,621.0008702399874
WCGAN,wpen-uji,0.0005,2.0,0.001,,0.1734277333872327,579.0807619266012
WCGAN,lt1iot,0.0005,2.0,0.001,,0.3386404701630534,825.5482248808352
WCGAN,cuatroochenta,0.0005,2.0,0.001,,0.5192198641023466,588.9582061555982
WCGAN,UJI,0.0005,2.0,0.001,,0.003148172607144388,632.0969399176413
WCGAN,GEOTECWIFI03,0.0005,2.0,0.005,,0.0065604954250908995,656.519696727561
WCGAN,480Invitados,0.0005,2.0,0.005,,0.2533957840469802,993.0495517843872
WCGAN,eduroam,0.0005,2.0,0.005,,0.001421862873889067,564.7110173051699
WCGAN,wpen-uji,0.0005,2.0,0.005,,0.3407508644846416,1362.1494054310078
WCGAN,lt1iot,0.0005,2.0,0.005,,0.6014506444697438,1139.8141529499528
WCGAN,cuatroochenta,0.0005,2.0,0.005,,0.11763149545248326,1144.671441467789
WCGAN,UJI,0.0005,2.0,0.005,,0.001030270498612693,521.9429967200675
WCGAN,GEOTECWIFI03,0.0005,2.0,0.01,,0.010080830144813025,1140.1228768948638
WCGAN,480Invitados,0.0005,2.0,0.01,,0.06202500053077045,703.1164302506246
WCGAN,eduroam,0.0005,2.0,0.01,,0.0026338926373740534,1884.6061360240872
WCGAN,wpen-uji,0.0005,2.0,0.01,,0.34366296077988034,1083.0410035821546
WCGAN,lt1iot,0.0005,2.0,0.01,,0.19152263878361137,684.5116987493118
WCGAN,cuatroochenta,0.0005,2.0,0.01,,0.035667721009576006,600.5515101060607
WCGAN,UJI,0.0005,2.0,0.01,,0.0020902170012812096,1013.0372345763665
WCGAN,GEOTECWIFI03,0.0005,2.0,0.05,,3.8385759572142466,1977.5400914392521
WCGAN,480Invitados,0.0005,2.0,0.05,,9.787068807943866,1837.5310450402958
WCGAN,eduroam,0.0005,2.0,0.05,,2.321651161461384,2510.451665669803
WCGAN,wpen-uji,0.0005,2.0,0.05,,11.067086448456129,1899.03768361533
WCGAN,lt1iot,0.0005,2.0,0.05,,11.727053264164224,1485.8594932899498
WCGAN,cuatroochenta,0.0005,2.0,0.05,,10.361974954151798,1416.9020594393005
WCGAN,UJI,0.0005,2.0,0.05,,2.315140767388229,1841.2829815897687
WCGAN,GEOTECWIFI03,0.0005,2.0,0.1,,,1329.8956947451404
WCGAN,480Invitados,0.0005,2.0,0.1,,,1011.0521264193738
WCGAN,eduroam,0.0005,2.0,0.1,,,875.215711910018
WCGAN,wpen-uji,0.0005,2.0,0.1,,,1099.7371167423844
WCGAN,lt1iot,0.0005,2.0,0.1,,,1113.1887090198234
WCGAN,cuatroochenta,0.0005,2.0,0.1,,,1076.6773547979087
WCGAN,UJI,0.0005,2.0,0.1,,,923.1960116244859
WCGAN,GEOTECWIFI03,0.0005,3.0,0.001,,0.0304270009903279,795.3835577380563
WCGAN,480Invitados,0.0005,3.0,0.001,,0.13959139156451852,540.341251781214
WCGAN,eduroam,0.0005,3.0,0.001,,0.00796395238263797,520.285007017875
WCGAN,wpen-uji,0.0005,3.0,0.001,,0.4622918795628691,624.7463541406551
WCGAN,lt1iot,0.0005,3.0,0.001,,0.528325698133407,673.9670102148357
WCGAN,cuatroochenta,0.0005,3.0,0.001,,0.12476305867218286,572.9839033581612
WCGAN,UJI,0.0005,3.0,0.001,,0.004109137972357811,549.7095672429863
WCGAN,GEOTECWIFI03,0.0005,3.0,0.005,,0.010482006595721467,729.9806910203106
WCGAN,480Invitados,0.0005,3.0,0.005,,0.20594575300953774,436.06441482003777
WCGAN,eduroam,0.0005,3.0,0.005,,0.002866860955227833,503.8311180642039
WCGAN,wpen-uji,0.0005,3.0,0.005,,0.19901624590561823,564.6977006572547
WCGAN,lt1iot,0.0005,3.0,0.005,,0.2162508008980463,579.3512790304428
WCGAN,cuatroochenta,0.0005,3.0,0.005,,0.11763694000942099,492.42474578382655
WCGAN,UJI,0.0005,3.0,0.005,,0.0052283907159433995,441.635281286647
WCGAN,GEOTECWIFI03,0.0005,3.0,0.01,,0.0179840214599548,712.8154370542107
WCGAN,480Invitados,0.0005,3.0,0.01,,0.8094326240146713,797.4920636153608
WCGAN,eduroam,0.0005,3.0,0.01,,0.0025396121405989736,591.7138163304626
WCGAN,wpen-uji,0.0005,3.0,0.01,,0.21476295082535934,675.6164247198285
WCGAN,lt1iot,0.0005,3.0,0.01,,0.272289549193863,678.4020985149198
WCGAN,cuatroochenta,0.0005,3.0,0.01,,0.260626493854945,518.8003585201815
WCGAN,UJI,0.0005,3.0,0.01,,0.0030810769019525563,811.0074789098123
WCGAN,GEOTECWIFI03,0.0005,3.0,0.05,,0.009057149002285301,948.5704061088186
WCGAN,480Invitados,0.0005,3.0,0.05,,0.06187959081003556,449.54153466640037
WCGAN,eduroam,0.0005,3.0,0.05,,0.004971521325166838,943.0748019534681
WCGAN,wpen-uji,0.0005,3.0,0.05,,0.06721676259339157,544.505428612533
WCGAN,lt1iot,0.0005,3.0,0.05,,0.06183076789039979,613.2472291991858
WCGAN,cuatroochenta,0.0005,3.0,0.05,,0.03367654129634981,493.8241100537181
WCGAN,UJI,0.0005,3.0,0.05,,0.003666554620085822,706.2213154194467
WCGAN,GEOTECWIFI03,0.0005,3.0,0.1,,0.01587955734225227,641.7288210568246
WCGAN,480Invitados,0.0005,3.0,0.1,,0.03643582002339142,374.4134995299097
WCGAN,eduroam,0.0005,3.0,0.1,,0.0025698910896884922,434.99507931764583
WCGAN,wpen-uji,0.0005,3.0,0.1,,0.09556834871740946,483.72102705334805
WCGAN,lt1iot,0.0005,3.0,0.1,,0.08978436201305638,610.3564682149645
WCGAN,cuatroochenta,0.0005,3.0,0.1,,0.031443470873123665,425.82308999467216
WCGAN,UJI,0.0005,3.0,0.1,,0.0017868805185318158,516.4831014011114
WCGAN,GEOTECWIFI03,0.0005,4.0,0.001,,0.024782733202415155,734.3213856924018
WCGAN,480Invitados,0.0005,4.0,0.001,,0.1279516501057463,500.77905888719647
WCGAN,eduroam,0.0005,4.0,0.001,,0.010832968466387032,408.8553048237575
WCGAN,wpen-uji,0.0005,4.0,0.001,,0.42193237483914164,668.8791641003356
WCGAN,lt1iot,0.0005,4.0,0.001,,0.5456496662612141,668.2529457871692
WCGAN,cuatroochenta,0.0005,4.0,0.001,,0.10639303491567241,558.4508378517525
WCGAN,UJI,0.0005,4.0,0.001,,0.0032796253072568636,417.7500252145992
WCGAN,GEOTECWIFI03,0.0005,4.0,0.005,,0.014479840908140792,707.4833786816279
WCGAN,480Invitados,0.0005,4.0,0.005,,0.43267204434895534,577.4318984190764
WCGAN,eduroam,0.0005,4.0,0.005,,0.0053153296112102115,484.21582116172624
WCGAN,wpen-uji,0.0005,4.0,0.005,,0.5041473638787399,636.2681544685207
WCGAN,lt1iot,0.0005,4.0,0.005,,0.3502882156155327,785.7075452594042
WCGAN,cuatroochenta,0.0005,4.0,0.005,,0.23000284146831712,487.2820246964178
WCGAN,UJI,0.0005,4.0,0.005,,0.002284809357272691,418.1659039949123
WCGAN,GEOTECWIFI03,0.0005,4.0,0.01,,0.01627947988993364,769.9777058673693
WCGAN,480Invitados,0.0005,4.0,0.01,,0.4249631219028168,505.87430389593385
WCGAN,eduroam,0.0005,4.0,0.01,,0.0033018080973103246,658.3809137562985
WCGAN,wpen-uji,0.0005,4.0,0.01,,2.00881828869637,908.0956723677972
WCGAN,lt1iot,0.0005,4.0,0.01,,0.25187354411306073,535.4122051159558
WCGAN,cuatroochenta,0.0005,4.0,0.01,,0.43809983528659313,616.731764905277
WCGAN,UJI,0.0005,4.0,0.01,,0.002666293299697038,470.93865351333244
WCGAN,GEOTECWIFI03,0.0005,4.0,0.05,,0.009567962148097357,643.045099915907
WCGAN,480Invitados,0.0005,4.0,0.05,,0.038466078331095374,443.88669572864046
WCGAN,eduroam,0.0005,4.0,0.05,,0.008044996409314614,742.0005915232464
WCGAN,wpen-uji,0.0005,4.0,0.05,,0.14451931632768672,526.2630506723337
WCGAN,lt1iot,0.0005,4.0,0.05,,0.10709821368273788,893.4634061064662
WCGAN,cuatroochenta,0.0005,4.0,0.05,,0.017255541549562457,444.3189132774901
WCGAN,UJI,0.0005,4.0,0.05,,0.004258945121731441,732.0048238699419
WCGAN,GEOTECWIFI03,0.0005,4.0,0.1,,0.014249988752729141,1066.8438452443595
WCGAN,480Invitados,0.0005,4.0,0.1,,0.030296238299092892,399.19369465794387
WCGAN,eduroam,0.0005,4.0,0.1,,0.0012419608394766118,487.6659418817687
WCGAN,wpen-uji,0.0005,4.0,0.1,,0.07889858370829296,531.934734525374
WCGAN,lt1iot,0.0005,4.0,0.1,,0.17641479704962648,580.4333881767819
WCGAN,cuatroochenta,0.0005,4.0,0.1,,0.02532107609032942,426.4153905354125
WCGAN,UJI,0.0005,4.0,0.1,,0.003667035610581652,513.0880946430959
WCGAN,GEOTECWIFI03,0.0005,5.0,0.001,,0.01933872197363909,918.8294753510864
WCGAN,480Invitados,0.0005,5.0,0.001,,0.2025635598458158,512.9170317451096
WCGAN,eduroam,0.0005,5.0,0.001,,0.004190280340030668,587.8473794975091
WCGAN,wpen-uji,0.0005,5.0,0.001,,0.3029535941967748,685.9245042561056
WCGAN,lt1iot,0.0005,5.0,0.001,,0.4105706447007904,698.5045644492928
WCGAN,cuatroochenta,0.0005,5.0,0.001,,0.16108964743319315,588.717156884095
WCGAN,UJI,0.0005,5.0,0.001,,0.0011009509307724945,527.8445454488159
WCGAN,GEOTECWIFI03,0.0005,5.0,0.005,,0.00741223416315379,1020.6340817625797
WCGAN,480Invitados,0.0005,5.0,0.005,,0.14697919038890106,757.8973641250059
WCGAN,eduroam,0.0005,5.0,0.005,,0.0026925547883134013,723.8669286005306
WCGAN,wpen-uji,0.0005,5.0,0.005,,0.24785077708334968,1093.4528326969057
WCGAN,lt1iot,0.0005,5.0,0.005,,0.8387175453009335,1181.447772219708
WCGAN,cuatroochenta,0.0005,5.0,0.005,,0.07819157907612861,708.1917295227207
WCGAN,UJI,0.0005,5.0,0.005,,0.006101586040726921,728.809797488447
WCGAN,GEOTECWIFI03,0.0005,5.0,0.01,,0.009324852939261385,847.2965918481378
WCGAN,480Invitados,0.0005,5.0,0.01,,0.25734392427251984,662.5032273629943
WCGAN,eduroam,0.0005,5.0,0.01,,0.0022262209964639852,617.2037646991815
WCGAN,wpen-uji,0.0005,5.0,0.01,,0.8341993192947728,743.7086899940266
WCGAN,lt1iot,0.0005,5.0,0.01,,1.503208577315658,796.3741333918622
WCGAN,cuatroochenta,0.0005,5.0,0.01,,0.11000978570150471,613.3421106560618
WCGAN,UJI,0.0005,5.0,0.01,,0.00508815977988902,650.8370354199707
WCGAN,GEOTECWIFI03,0.0005,5.0,0.05,,0.007352439248913899,831.562464587348
WCGAN,480Invitados,0.0005,5.0,0.05,,0.04285116851543301,463.8995013852965
WCGAN,eduroam,0.0005,5.0,0.05,,0.000584125354815136,349.29535822002055
WCGAN,wpen-uji,0.0005,5.0,0.05,,0.15173127873274805,506.3157979528729
WCGAN,lt1iot,0.0005,5.0,0.05,,0.13410809749271488,499.1870165118121
WCGAN,cuatroochenta,0.0005,5.0,0.05,,0.039009945955051716,512.5890845133694
WCGAN,UJI,0.0005,5.0,0.05,,0.000951767990607845,392.0683307614597
WCGAN,GEOTECWIFI03,0.001,1.0,0.001,,0.02922249961435333,823.332246953586
WCGAN,480Invitados,0.001,1.0,0.001,,0.14371267110874952,694.0273892142416
WCGAN,eduroam,0.001,1.0,0.001,,0.016967383817043907,635.6637557245685
WCGAN,wpen-uji,0.001,1.0,0.001,,0.41212201584232017,758.4389460274365
WCGAN,lt1iot,0.001,1.0,0.001,,0.5323416067041336,787.2182068753132
WCGAN,cuatroochenta,0.001,1.0,0.001,,0.1175761880512713,697.421951228185
WCGAN,UJI,0.001,1.0,0.001,,0.0027057140440776557,588.5287875290354
WCGAN,GEOTECWIFI03,0.001,1.0,0.005,,0.012259613876270108,614.4730508027284
WCGAN,480Invitados,0.001,1.0,0.005,,0.4002095701539612,555.1620954283721
WCGAN,eduroam,0.001,1.0,0.005,,0.0018597308880123533,347.1145920703516
WCGAN,wpen-uji,0.001,1.0,0.005,,3.586132594624636,907.13708039529
WCGAN,lt1iot,0.001,1.0,0.005,,0.4944301698267992,848.6391429827631
WCGAN,cuatroochenta,0.001,1.0,0.005,,0.14387603991656925,598.0617700348934
WCGAN,UJI,0.001,1.0,0.005,,0.0016374354653734997,340.2452110676145
WCGAN,GEOTECWIFI03,0.001,1.0,0.01,,0.004052803218728589,755.3593466905212
WCGAN,480Invitados,0.001,1.0,0.01,,0.07693090504409011,554.1111116121957
WCGAN,eduroam,0.001,1.0,0.01,,0.0019598583552785445,689.2330698754797
WCGAN,wpen-uji,0.001,1.0,0.01,,0.12605451421102037,586.3837198018502
WCGAN,lt1iot,0.001,1.0,0.01,,0.1420730525939141,560.487045510416
WCGAN,cuatroochenta,0.001,1.0,0.01,,0.027987381842901827,566.9829712096488
WCGAN,UJI,0.001,1.0,0.01,,0.0013815499114302708,704.2013462361582
WCGAN,GEOTECWIFI03,0.001,1.0,0.05,,0.0031572754833288728,718.73160413737
WCGAN,480Invitados,0.001,1.0,0.05,,0.11228863886128355,488.85432940426637
WCGAN,eduroam,0.001,1.0,0.05,,0.001979874980006264,601.9087597747823
WCGAN,wpen-uji,0.001,1.0,0.05,,0.08573608289439594,475.4795767234859
WCGAN,lt1iot,0.001,1.0,0.05,,0.05500609755012488,630.835603287976
WCGAN,cuatroochenta,0.001,1.0,0.05,,0.03451202973236757,590.0186347027648
WCGAN,UJI,0.001,1.0,0.05,,0.0018402094492156506,528.4049014313515
WCGAN,GEOTECWIFI03,0.001,1.0,0.1,,0.002640791113238671,407.58481549716424
WCGAN,480Invitados,0.001,1.0,0.1,,0.057258632233893575,365.9611270029596
WCGAN,eduroam,0.001,1.0,0.1,,0.0013327614070802146,307.4945576564352
WCGAN,wpen-uji,0.001,1.0,0.1,,0.12741563920736573,346.7472617136585
WCGAN,lt1iot,0.001,1.0,0.1,,0.05964616501695235,307.77288880432525
WCGAN,cuatroochenta,0.001,1.0,0.1,,0.040867743523286634,380.08723892337537
WCGAN,UJI,0.001,1.0,0.1,,0.0029752975360766926,395.0919457032136
WCGAN,GEOTECWIFI03,0.001,2.0,0.001,,0.02251621493777256,745.3617334567618
WCGAN,480Invitados,0.001,2.0,0.001,,0.18094270372440197,459.6074175163683
WCGAN,eduroam,0.001,2.0,0.001,,0.02420500469209673,427.34436122975524
WCGAN,wpen-uji,0.001,2.0,0.001,,0.4209880338667428,655.5464701459358
WCGAN,lt1iot,0.001,2.0,0.001,,0.520414615993817,725.0133857943408
WCGAN,cuatroochenta,0.001,2.0,0.001,,0.11656492842498667,608.1882802882765
WCGAN,UJI,0.001,2.0,0.001,,0.013516350053615511,408.70490014459546
WCGAN,GEOTECWIFI03,0.001,2.0,0.005,,0.02142816669032324,1779.5002217879332
WCGAN,480Invitados,0.001,2.0,0.005,,1.4739839150854237,674.1767849315614
WCGAN,eduroam,0.001,2.0,0.005,,0.006209834470063879,1149.1108990727148
WCGAN,wpen-uji,0.001,2.0,0.005,,0.6887127457120465,787.5575068263356
WCGAN,lt1iot,0.001,2.0,0.005,,0.6545417065646855,702.9359618297644
WCGAN,cuatroochenta,0.001,2.0,0.005,,0.3362179766207432,695.4029036780058
WCGAN,UJI,0.001,2.0,0.005,,0.01076140565153567,1182.1069974661573
WCGAN,GEOTECWIFI03,0.001,2.0,0.01,,0.016948403644275023,1222.1612865050904
WCGAN,480Invitados,0.001,2.0,0.01,,0.6785363528108932,721.3649518288698
WCGAN,eduroam,0.001,2.0,0.01,,0.00566312272548471,957.025966749633
WCGAN,wpen-uji,0.001,2.0,0.01,,1.3285840527025756,1029.5397020949029
WCGAN,lt1iot,0.001,2.0,0.01,,0.5935208593159322,817.4067300408583
WCGAN,cuatroochenta,0.001,2.0,0.01,,0.35225974586124353,707.3360528251679
WCGAN,UJI,0.001,2.0,0.01,,0.010107845289845381,725.4993324417601
WCGAN,GEOTECWIFI03,0.001,2.0,0.05,,0.0032394331003734664,704.3496710003673
WCGAN,480Invitados,0.001,2.0,0.05,,0.0563382910082959,385.54698261279896
WCGAN,eduroam,0.001,2.0,0.05,,0.001274436061820235,627.2714144895581
WCGAN,wpen-uji,0.001,2.0,0.05,,0.08323793854358116,419.7841007467989
WCGAN,lt1iot,0.001,2.0,0.05,,0.0256207919833022,433.81264835714444
WCGAN,cuatroochenta,0.001,2.0,0.05,,0.02084389347558604,405.4312032003594
WCGAN,UJI,0.001,2.0,0.05,,0.0007079559260929824,606.4849383968754
WCGAN,GEOTECWIFI03,0.001,2.0,0.1,,1.5847816380473465,1158.3911821754477
WCGAN,480Invitados,0.001,2.0,0.1,,13.324873649378294,802.5312321603205
WCGAN,eduroam,0.001,2.0,0.1,,2.929081498390978,1175.1157703616882
WCGAN,wpen-uji,0.001,2.0,0.1,,15.044689621676994,997.0180878119954
WCGAN,lt1iot,0.001,2.0,0.1,,15.387421016459317,906.73074264046
WCGAN,cuatroochenta,0.001,2.0,0.1,,14.28150244694346,946.4701649393
WCGAN,UJI,0.001,2.0,0.1,,2.5560715478773783,1214.0428784576316
WCGAN,GEOTECWIFI03,0.001,3.0,0.001,,0.03189598223340351,815.1504329771944
WCGAN,480Invitados,0.001,3.0,0.001,,0.19862862656343544,573.4399446783823
WCGAN,eduroam,0.001,3.0,0.001,,0.02504278474014278,508.56804254041356
WCGAN,wpen-uji,0.001,3.0,0.001,,0.3952418360426896,718.9274143070531
WCGAN,lt1iot,0.001,3.0,0.001,,0.5509333619107406,737.1980281038666
WCGAN,cuatroochenta,0.001,3.0,0.001,,0.12339028535326677,689.5657020044317
WCGAN,UJI,0.001,3.0,0.001,,0.01121839673567069,580.0600510640473
WCGAN,GEOTECWIFI03,0.001,3.0,0.005,,0.014421804914047362,788.9910124172509
WCGAN,480Invitados,0.001,3.0,0.005,,0.13993296740327144,760.8911902217249
WCGAN,eduroam,0.001,3.0,0.005,,0.0049493875893507275,600.5336504023833
WCGAN,wpen-uji,0.001,3.0,0.005,,0.19490140544111265,617.8270359221066
WCGAN,lt1iot,0.001,3.0,0.005,,0.3874866574834066,624.0757422732195
WCGAN,cuatroochenta,0.001,3.0,0.005,,0.1467894048779169,654.9234795015968
WCGAN,UJI,0.001,3.0,0.005,,0.0015343830109200794,613.0958857263612
WCGAN,GEOTECWIFI03,0.001,3.0,0.01,,0.05245332580392466,1457.9225699072922
WCGAN,480Invitados,0.001,3.0,0.01,,0.30591639309371194,620.0635179802596
WCGAN,eduroam,0.001,3.0,0.01,,0.05448243161428519,1579.9615660780084
WCGAN,wpen-uji,0.001,3.0,0.01,,0.45598350111829344,742.9368970057616
WCGAN,lt1iot,0.001,3.0,0.01,,0.5127422203437604,709.2371207907056
WCGAN,cuatroochenta,0.001,3.0,0.01,,0.15133144170905458,615.9361841678583
WCGAN,UJI,0.001,3.0,0.01,,0.0102662194499775,1147.0318227945697
WCGAN,GEOTECWIFI03,0.001,3.0,0.05,,0.042328059048427055,1069.0101991491015
WCGAN,480Invitados,0.001,3.0,0.05,,0.12354273275944977,426.5127422103144
WCGAN,eduroam,0.001,3.0,0.05,,0.003801990487457399,1662.5553285733115
WCGAN,wpen-uji,0.001,3.0,0.05,,0.18373818043018575,489.1240308452732
WCGAN,lt1iot,0.001,3.0,0.05,,0.29799534242488146,600.9792090279773
WCGAN,cuatroochenta,0.001,3.0,0.05,,0.059927886777934744,460.980576972696
WCGAN,UJI,0.001,3.0,0.05,,0.0051428201215281645,918.8179791382388
WCGAN,GEOTECWIFI03,0.001,3.0,0.1,,0.004419047125659775,752.9928810687115
WCGAN,480Invitados,0.001,3.0,0.1,,0.049754641906431696,419.08700515038373
WCGAN,eduroam,0.001,3.0,0.1,,0.0014609383394625277,359.8690321190015
WCGAN,wpen-uji,0.001,3.0,0.1,,0.06338751737600617,484.72666873682533
WCGAN,lt1iot,0.001,3.0,0.1,,0.08296538327493418,747.4685985994633
WCGAN,cuatroochenta,0.001,3.0,0.1,,0.03754993904276282,453.8870197278459
WCGAN,UJI,0.001,3.0,0.1,,0.001719503424301016,376.85117365339283
WCGAN,GEOTECWIFI03,0.001,4.0,0.001,,0.023789617387299948,764.4483606840183
WCGAN,480Invitados,0.001,4.0,0.001,,0.17655012315897173,552.3428141866453
WCGAN,eduroam,0.001,4.0,0.001,,0.008501296171210454,411.67907601869945
WCGAN,wpen-uji,0.001,4.0,0.001,,0.39352762892281984,690.7038926966322
WCGAN,lt1iot,0.001,4.0,0.001,,0.3189928414560049,664.6841378918264
WCGAN,cuatroochenta,0.001,4.0,0.001,,0.12611003572364055,581.2146587159369
WCGAN,UJI,0.001,4.0,0.001,,0.005783494273496842,479.90762103209437
WCGAN,GEOTECWIFI03,0.001,4.0,0.005,,0.01631311616908478,966.625894269016
WCGAN,480Invitados,0.001,4.0,0.005,,4.400505637804034,999.691135464176
WCGAN,eduroam,0.001,4.0,0.005,,0.0021299744350501476,583.5060887207724
WCGAN,wpen-uji,0.001,4.0,0.005,,0.6079364783450805,744.6061371270282
WCGAN,lt1iot,0.001,4.0,0.005,,1.5673743567544933,788.666878772394
WCGAN,cuatroochenta,0.001,4.0,0.005,,0.24957577419448085,646.8051916257998
WCGAN,UJI,0.001,4.0,0.005,,0.0014662056375694087,588.2169573622294
WCGAN,GEOTECWIFI03,0.001,4.0,0.01,,0.02535673378221863,958.7307688810672
WCGAN,480Invitados,0.001,4.0,0.01,,0.20973085723012153,1055.6469220057033
WCGAN,eduroam,0.001,4.0,0.01,,0.009041669297232333,773.9238382382669
WCGAN,wpen-uji,0.001,4.0,0.01,,0.3403753300269432,869.1868760276018
WCGAN,lt1iot,0.001,4.0,0.01,,0.3784317905371348,1115.9235548143706
WCGAN,cuatroochenta,0.001,4.0,0.01,,0.06956117871653114,983.0906623793328
WCGAN,UJI,0.001,4.0,0.01,,0.0033980339376330528,746.2640542977147
WCGAN,GEOTECWIFI03,0.001,4.0,0.05,,0.006755985199892369,644.0043714277983
WCGAN,480Invitados,0.001,4.0,0.05,,0.09938144425437742,544.6657987901857
WCGAN,eduroam,0.001,4.0,0.05,,0.0007718590843007311,320.9134509567954
WCGAN,wpen-uji,0.001,4.0,0.05,,0.27496587126612243,554.521276689602
WCGAN,lt1iot,0.001,4.0,0.05,,0.23576507907969665,827.3890006390262
WCGAN,cuatroochenta,0.001,4.0,0.05,,0.15215702571735235,562.9784527279054
WCGAN,UJI,0.001,4.0,0.05,,0.0015399139842874904,412.4430669598784
WCGAN,GEOTECWIFI03,0.001,4.0,0.1,,0.01811968572093427,987.6002966108497
WCGAN,480Invitados,0.001,4.0,0.1,,0.050704692923511256,410.2536482007247
WCGAN,eduroam,0.001,4.0,0.1,,0.01639949521238263,1161.491058967641
WCGAN,wpen-uji,0.001,4.0,0.1,,1.2424949671538486,475.9317965232302
WCGAN,lt1iot,0.001,4.0,0.1,,0.547635686655455,759.4462730799662
WCGAN,cuatroochenta,0.001,4.0,0.1,,0.3494766212301401,484.335237189054
WCGAN,UJI,0.001,4.0,0.1,,0.00393986729405443,982.4303990171411
WCGAN,GEOTECWIFI03,0.001,5.0,0.001,,0.021690781572945683,843.2815525370471
WCGAN,480Invitados,0.001,5.0,0.001,,0.17170633855862907,522.1544863852739
WCGAN,eduroam,0.001,5.0,0.001,,0.008464261979732421,679.1155543905362
WCGAN,wpen-uji,0.001,5.0,0.001,,0.4043510164702015,666.9741780942036
WCGAN,lt1iot,0.001,5.0,0.001,,0.4786933248743447,674.5174479690668
WCGAN,cuatroochenta,0.001,5.0,0.001,,0.13090821980788775,589.8791306187666
WCGAN,UJI,0.001,5.0,0.001,,0.004993693222320265,840.019325551835
WCGAN,GEOTECWIFI03,0.001,5.0,0.005,,0.016391686938297817,1002.4062260303889
WCGAN,480Invitados,0.001,5.0,0.005,,0.6009805542989,722.5498080172831
WCGAN,eduroam,0.001,5.0,0.005,,0.010861596641993071,830.5375773016876
WCGAN,wpen-uji,0.001,5.0,0.005,,0.5372532610535883,795.7028125786826
WCGAN,lt1iot,0.001,5.0,0.005,,0.6722432186626822,826.147788373917
WCGAN,cuatroochenta,0.001,5.0,0.005,,0.8533936212133626,785.8126350898906
WCGAN,UJI,0.001,5.0,0.005,,0.006593201835072657,791.2702980301856
WCGAN,GEOTECWIFI03,0.001,5.0,0.01,,0.031595190902266646,1366.6156946157319
WCGAN,480Invitados,0.001,5.0,0.01,,0.4622070576478703,1355.3630823553376
WCGAN,eduroam,0.001,5.0,0.01,,0.012213262983068879,1691.9047831048592
WCGAN,wpen-uji,0.001,5.0,0.01,,0.3993235461434478,844.367812089237
WCGAN,lt1iot,0.001,5.0,0.01,,0.46554378627876897,843.9387501504633
WCGAN,cuatroochenta,0.001,5.0,0.01,,0.20312138705995358,1006.6979522820801
WCGAN,UJI,0.001,5.0,0.01,,0.002053414022099057,572.9871933734382
WCGAN,GEOTECWIFI03,0.001,5.0,0.05,,0.008222864996066925,994.6466588964815
WCGAN,480Invitados,0.001,5.0,0.05,,0.06896682028359613,563.5939616193776
WCGAN,eduroam,0.001,5.0,0.05,,0.001955174220566889,416.76742297326496
WCGAN,wpen-uji,0.001,5.0,0.05,,0.5531513462490381,554.466610197509
WCGAN,lt1iot,0.001,5.0,0.05,,0.28572821882939703,544.5079624329555
WCGAN,cuatroochenta,0.001,5.0,0.05,,0.06421319668859399,622.3917676659387
WCGAN,UJI,0.001,5.0,0.05,,0.0011055191452910827,396.664838893058
WCGAN,GEOTECWIFI03,0.001,5.0,0.1,,0.028337491450909455,1154.1446679915377
WCGAN,480Invitados,0.001,5.0,0.1,,0.0784330088114954,445.5753743928171
WCGAN,eduroam,0.001,5.0,0.1,,0.005542489856190512,1152.942343394782
WCGAN,wpen-uji,0.001,5.0,0.1,,0.12952629347204977,584.3004421424226
WCGAN,lt1iot,0.001,5.0,0.1,,0.16355711753887567,564.0211441610204
WCGAN,cuatroochenta,0.001,5.0,0.1,,0.08981332784108015,468.5334502701135
WCGAN,UJI,0.001,5.0,0.1,,0.00279127247941821,686.2983384953023
WCGAN,GEOTECWIFI03,0.005,1.0,0.001,,,1329.8956947451404
WCGAN,480Invitados,0.005,1.0,0.001,,,1011.0521264193738
WCGAN,eduroam,0.005,1.0,0.001,,,875.215711910018
WCGAN,wpen-uji,0.005,1.0,0.001,,,1099.7371167423844
WCGAN,lt1iot,0.005,1.0,0.001,,,1113.1887090198234
WCGAN,cuatroochenta,0.005,1.0,0.001,,,1076.6773547979087
WCGAN,UJI,0.005,1.0,0.001,,,923.1960116244859
WCGAN,GEOTECWIFI03,0.005,1.0,0.005,,0.041250973835495613,1455.2785575819514
WCGAN,480Invitados,0.005,1.0,0.005,,0.12045304044389657,1140.2756270444092
WCGAN,eduroam,0.005,1.0,0.005,,0.006293748408267779,1028.3292520109549
WCGAN,wpen-uji,0.005,1.0,0.005,,0.5031194539634596,1232.7013788971792
WCGAN,lt1iot,0.005,1.0,0.005,,0.5979448722675773,1241.1954285615702
WCGAN,cuatroochenta,0.005,1.0,0.005,,0.11907871593523495,1213.7394944596354
WCGAN,UJI,0.005,1.0,0.005,,0.005422952987327034,1059.7896746545027
WCGAN,GEOTECWIFI03,0.005,1.0,0.01,,,1329.8956947451404
WCGAN,480Invitados,0.005,1.0,0.01,,,1011.0521264193738
WCGAN,eduroam,0.005,1.0,0.01,,,875.215711910018
WCGAN,wpen-uji,0.005,1.0,0.01,,,1099.7371167423844
WCGAN,lt1iot,0.005,1.0,0.01,,,1113.1887090198234
WCGAN,cuatroochenta,0.005,1.0,0.01,,,1076.6773547979087
WCGAN,UJI,0.005,1.0,0.01,,,923.1960116244859
WCGAN,GEOTECWIFI03,0.005,1.0,0.05,,,1329.8956947451404
WCGAN,480Invitados,0.005,1.0,0.05,,,1011.0521264193738
WCGAN,eduroam,0.005,1.0,0.05,,,875.215711910018
WCGAN,wpen-uji,0.005,1.0,0.05,,,1099.7371167423844
WCGAN,lt1iot,0.005,1.0,0.05,,,1113.1887090198234
WCGAN,cuatroochenta,0.005,1.0,0.05,,,1076.6773547979087
WCGAN,UJI,0.005,1.0,0.05,,,923.1960116244859
WCGAN,GEOTECWIFI03,0.005,1.0,0.1,,0.007770684098941629,676.7571636760916
WCGAN,480Invitados,0.005,1.0,0.1,,0.04988939607363551,384.9907198574434
WCGAN,eduroam,0.005,1.0,0.1,,0.0014353247983052639,333.92412294263477
WCGAN,wpen-uji,0.005,1.0,0.1,,0.0975588498244503,618.8749034381302
WCGAN,lt1iot,0.005,1.0,0.1,,0.1317342548941248,560.2739621532346
WCGAN,cuatroochenta,0.005,1.0,0.1,,0.06485078792399968,429.84460765030497
WCGAN,UJI,0.005,1.0,0.1,,0.0011839493480403128,466.5947069699307
WCGAN,GEOTECWIFI03,0.005,2.0,0.001,,,1329.8956947451404
WCGAN,480Invitados,0.005,2.0,0.001,,,1011.0521264193738
WCGAN,eduroam,0.005,2.0,0.001,,,875.215711910018
WCGAN,wpen-uji,0.005,2.0,0.001,,,1099.7371167423844
WCGAN,lt1iot,0.005,2.0,0.001,,,1113.1887090198234
WCGAN,cuatroochenta,0.005,2.0,0.001,,,1076.6773547979087
WCGAN,UJI,0.005,2.0,0.001,,,923.1960116244859
WCGAN,GEOTECWIFI03,0.005,2.0,0.005,,,1329.8956947451404
WCGAN,480Invitados,0.005,2.0,0.005,,,1011.0521264193738
WCGAN,eduroam,0.005,2.0,0.005,,,875.215711910018
WCGAN,wpen-uji,0.005,2.0,0.005,,,1099.7371167423844
WCGAN,lt1iot,0.005,2.0,0.005,,,1113.1887090198234
WCGAN,cuatroochenta,0.005,2.0,0.005,,,1076.6773547979087
WCGAN,UJI,0.005,2.0,0.005,,,923.1960116244859
WCGAN,GEOTECWIFI03,0.005,2.0,0.01,,,1329.8956947451404
WCGAN,480Invitados,0.005,2.0,0.01,,,1011.0521264193738
WCGAN,eduroam,0.005,2.0,0.01,,,875.215711910018
WCGAN,wpen-uji,0.005,2.0,0.01,,,1099.7371167423844
WCGAN,lt1iot,0.005,2.0,0.01,,,1113.1887090198234
WCGAN,cuatroochenta,0.005,2.0,0.01,,,1076.6773547979087
WCGAN,UJI,0.005,2.0,0.01,,,923.1960116244859
WCGAN,GEOTECWIFI03,0.005,2.0,0.05,,,1329.8956947451404
WCGAN,480Invitados,0.005,2.0,0.05,,,1011.0521264193738
WCGAN,eduroam,0.005,2.0,0.05,,,875.215711910018
WCGAN,wpen-uji,0.005,2.0,0.05,,,1099.7371167423844
WCGAN,lt1iot,0.005,2.0,0.05,,,1113.1887090198234
WCGAN,cuatroochenta,0.005,2.0,0.05,,,1076.6773547979087
WCGAN,UJI,0.005,2.0,0.05,,,923.1960116244859
WCGAN,GEOTECWIFI03,0.005,2.0,0.1,,,1329.8956947451404
WCGAN,480Invitados,0.005,2.0,0.1,,,1011.0521264193738
WCGAN,eduroam,0.005,2.0,0.1,,,875.215711910018
WCGAN,wpen-uji,0.005,2.0,0.1,,,1099.7371167423844
WCGAN,lt1iot,0.005,2.0,0.1,,,1113.1887090198234
WCGAN,cuatroochenta,0.005,2.0,0.1,,,1076.6773547979087
WCGAN,UJI,0.005,2.0,0.1,,,923.1960116244859
WCGAN,GEOTECWIFI03,0.005,3.0,0.001,,,1329.8956947451404
WCGAN,480Invitados,0.005,3.0,0.001,,,1011.0521264193738
WCGAN,eduroam,0.005,3.0,0.001,,,875.215711910018
WCGAN,wpen-uji,0.005,3.0,0.001,,,1099.7371167423844
WCGAN,lt1iot,0.005,3.0,0.001,,,1113.1887090198234
WCGAN,cuatroochenta,0.005,3.0,0.001,,,1076.6773547979087
WCGAN,UJI,0.005,3.0,0.001,,,923.1960116244859
WCGAN,GEOTECWIFI03,0.005,3.0,0.005,,,1329.8956947451404
WCGAN,480Invitados,0.005,3.0,0.005,,,1011.0521264193738
WCGAN,eduroam,0.005,3.0,0.005,,,875.215711910018
WCGAN,wpen-uji,0.005,3.0,0.005,,,1099.7371167423844
WCGAN,lt1iot,0.005,3.0,0.005,,,1113.1887090198234
WCGAN,cuatroochenta,0.005,3.0,0.005,,,1076.6773547979087
WCGAN,UJI,0.005,3.0,0.005,,,923.1960116244859
WCGAN,GEOTECWIFI03,0.005,3.0,0.01,,,1329.8956947451404
WCGAN,480Invitados,0.005,3.0,0.01,,,1011.0521264193738
WCGAN,eduroam,0.005,3.0,0.01,,,875.215711910018
WCGAN,wpen-uji,0.005,3.0,0.01,,,1099.7371167423844
WCGAN,lt1iot,0.005,3.0,0.01,,,1113.1887090198234
WCGAN,cuatroochenta,0.005,3.0,0.01,,,1076.6773547979087
WCGAN,UJI,0.005,3.0,0.01,,,923.1960116244859
WCGAN,GEOTECWIFI03,0.005,3.0,0.05,,,1329.8956947451404
WCGAN,480Invitados,0.005,3.0,0.05,,,1011.0521264193738
WCGAN,eduroam,0.005,3.0,0.05,,,875.215711910018
WCGAN,wpen-uji,0.005,3.0,0.05,,,1099.7371167423844
WCGAN,lt1iot,0.005,3.0,0.05,,,1113.1887090198234
WCGAN,cuatroochenta,0.005,3.0,0.05,,,1076.6773547979087
WCGAN,UJI,0.005,3.0,0.05,,,923.1960116244859
WCGAN,GEOTECWIFI03,0.005,3.0,0.1,,,1329.8956947451404
WCGAN,480Invitados,0.005,3.0,0.1,,,1011.0521264193738
WCGAN,eduroam,0.005,3.0,0.1,,,875.215711910018
WCGAN,wpen-uji,0.005,3.0,0.1,,,1099.7371167423844
WCGAN,lt1iot,0.005,3.0,0.1,,,1113.1887090198234
WCGAN,cuatroochenta,0.005,3.0,0.1,,,1076.6773547979087
WCGAN,UJI,0.005,3.0,0.1,,,923.1960116244859
WCGAN,GEOTECWIFI03,0.005,4.0,0.001,,,1329.8956947451404
WCGAN,480Invitados,0.005,4.0,0.001,,,1011.0521264193738
WCGAN,eduroam,0.005,4.0,0.001,,,875.215711910018
WCGAN,wpen-uji,0.005,4.0,0.001,,,1099.7371167423844
WCGAN,lt1iot,0.005,4.0,0.001,,,1113.1887090198234
WCGAN,cuatroochenta,0.005,4.0,0.001,,,1076.6773547979087
WCGAN,UJI,0.005,4.0,0.001,,,923.1960116244859
WCGAN,GEOTECWIFI03,0.005,4.0,0.005,,,1329.8956947451404
WCGAN,480Invitados,0.005,4.0,0.005,,,1011.0521264193738
WCGAN,eduroam,0.005,4.0,0.005,,,875.215711910018
WCGAN,wpen-uji,0.005,4.0,0.005,,,1099.7371167423844
WCGAN,lt1iot,0.005,4.0,0.005,,,1113.1887090198234
WCGAN,cuatroochenta,0.005,4.0,0.005,,,1076.6773547979087
WCGAN,UJI,0.005,4.0,0.005,,,923.1960116244859
WCGAN,GEOTECWIFI03,0.005,4.0,0.01,,,1329.8956947451404
WCGAN,480Invitados,0.005,4.0,0.01,,,1011.0521264193738
WCGAN,eduroam,0.005,4.0,0.01,,,875.215711910018
WCGAN,wpen-uji,0.005,4.0,0.01,,,1099.7371167423844
WCGAN,lt1iot,0.005,4.0,0.01,,,1113.1887090198234
WCGAN,cuatroochenta,0.005,4.0,0.01,,,1076.6773547979087
WCGAN,UJI,0.005,4.0,0.01,,,923.1960116244859
WCGAN,GEOTECWIFI03,0.005,4.0,0.05,,0.041250973835495613,1455.2785575819514
WCGAN,480Invitados,0.005,4.0,0.05,,0.12045304044389657,1140.2756270444092
WCGAN,eduroam,0.005,4.0,0.05,,0.006293748408267779,1028.3292520109549
WCGAN,wpen-uji,0.005,4.0,0.05,,0.5031194539634596,1232.7013788971792
WCGAN,lt1iot,0.005,4.0,0.05,,0.5979448722675773,1241.1954285615702
WCGAN,cuatroochenta,0.005,4.0,0.05,,0.11907871593523495,1213.7394944596354
WCGAN,UJI,0.005,4.0,0.05,,0.005422952987327034,1059.7896746545027
WCGAN,GEOTECWIFI03,0.005,4.0,0.1,,,1329.8956947451404
WCGAN,480Invitados,0.005,4.0,0.1,,,1011.0521264193738
WCGAN,eduroam,0.005,4.0,0.1,,,875.215711910018
WCGAN,wpen-uji,0.005,4.0,0.1,,,1099.7371167423844
WCGAN,lt1iot,0.005,4.0,0.1,,,1113.1887090198234
WCGAN,cuatroochenta,0.005,4.0,0.1,,,1076.6773547979087
WCGAN,UJI,0.005,4.0,0.1,,,923.1960116244859
WCGAN,GEOTECWIFI03,0.005,5.0,0.001,,0.041250973835495613,1455.2785575819514
WCGAN,480Invitados,0.005,5.0,0.001,,0.12045304044389657,1140.2756270444092
WCGAN,eduroam,0.005,5.0,0.001,,0.006293748408267779,1028.3292520109549
WCGAN,wpen-uji,0.005,5.0,0.001,,0.5031194539634596,1232.7013788971792
WCGAN,lt1iot,0.005,5.0,0.001,,0.5979448722675773,1241.1954285615702
WCGAN,cuatroochenta,0.005,5.0,0.001,,0.11907871593523495,1213.7394944596354
WCGAN,UJI,0.005,5.0,0.001,,0.005422952987327034,1059.7896746545027
WCGAN,GEOTECWIFI03,0.005,5.0,0.005,,0.041250973835495613,1455.2785575819514
WCGAN,480Invitados,0.005,5.0,0.005,,0.12045304044389657,1140.2756270444092
WCGAN,eduroam,0.005,5.0,0.005,,0.006293748408267779,1028.3292520109549
WCGAN,wpen-uji,0.005,5.0,0.005,,0.5031194539634596,1232.7013788971792
WCGAN,lt1iot,0.005,5.0,0.005,,0.5979448722675773,1241.1954285615702
WCGAN,cuatroochenta,0.005,5.0,0.005,,0.11907871593523495,1213.7394944596354
WCGAN,UJI,0.005,5.0,0.005,,0.005422952987327034,1059.7896746545027
WCGAN,GEOTECWIFI03,0.005,5.0,0.01,,,1329.8956947451404
WCGAN,480Invitados,0.005,5.0,0.01,,,1011.0521264193738
WCGAN,eduroam,0.005,5.0,0.01,,,875.215711910018
WCGAN,wpen-uji,0.005,5.0,0.01,,,1099.7371167423844
WCGAN,lt1iot,0.005,5.0,0.01,,,1113.1887090198234
WCGAN,cuatroochenta,0.005,5.0,0.01,,,1076.6773547979087
WCGAN,UJI,0.005,5.0,0.01,,,923.1960116244859
WCGAN,GEOTECWIFI03,0.005,5.0,0.05,,,1329.8956947451404
WCGAN,480Invitados,0.005,5.0,0.05,,,1011.0521264193738
WCGAN,eduroam,0.005,5.0,0.05,,,875.215711910018
WCGAN,wpen-uji,0.005,5.0,0.05,,,1099.7371167423844
WCGAN,lt1iot,0.005,5.0,0.05,,,1113.1887090198234
WCGAN,cuatroochenta,0.005,5.0,0.05,,,1076.6773547979087
WCGAN,UJI,0.005,5.0,0.05,,,923.1960116244859
WCGAN,GEOTECWIFI03,0.005,5.0,0.1,,,1329.8956947451404
WCGAN,480Invitados,0.005,5.0,0.1,,,1011.0521264193738
WCGAN,eduroam,0.005,5.0,0.1,,,875.215711910018
WCGAN,wpen-uji,0.005,5.0,0.1,,,1099.7371167423844
WCGAN,lt1iot,0.005,5.0,0.1,,,1113.1887090198234
WCGAN,cuatroochenta,0.005,5.0,0.1,,,1076.6773547979087
WCGAN,UJI,0.005,5.0,0.1,,,923.1960116244859
WCGAN-GP,GEOTECWIFI03,5e-05,1.0,,5.0,0.003673841932557609,583.9400004202669
WCGAN-GP,480Invitados,5e-05,1.0,,5.0,0.054401907205439706,405.7229087281879
WCGAN-GP,eduroam,5e-05,1.0,,5.0,0.001408463555553966,362.6323459444038
WCGAN-GP,wpen-uji,5e-05,1.0,,5.0,0.0634027377951277,461.09896145707154
WCGAN-GP,lt1iot,5e-05,1.0,,5.0,0.05566284523411244,467.80924803258404
WCGAN-GP,cuatroochenta,5e-05,1.0,,5.0,0.09848876693646828,387.09843683081345
WCGAN-GP,UJI,5e-05,1.0,,5.0,0.001424453920902461,406.6829384192368
WCGAN-GP,GEOTECWIFI03,5e-05,1.0,,10.0,0.022870200216997122,571.7796889648171
WCGAN-GP,480Invitados,5e-05,1.0,,10.0,0.034161692872696436,419.9232823847607
WCGAN-GP,eduroam,5e-05,1.0,,10.0,0.001635704651662807,326.3360839752314
WCGAN-GP,wpen-uji,5e-05,1.0,,10.0,0.05720107691594606,436.1294086201998
WCGAN-GP,lt1iot,5e-05,1.0,,10.0,0.11305124481991782,507.5053132237367
WCGAN-GP,cuatroochenta,5e-05,1.0,,10.0,0.045188532438433404,426.66867898442183
WCGAN-GP,UJI,5e-05,1.0,,10.0,0.0013378326144237208,423.4260443541001
WCGAN-GP,GEOTECWIFI03,5e-05,1.0,,15.0,0.08950599081439545,502.05534713273
WCGAN-GP,480Invitados,5e-05,1.0,,15.0,0.13999779678965618,411.31341512245024
WCGAN-GP,eduroam,5e-05,1.0,,15.0,0.0034253569111906447,522.6120217758692
WCGAN-GP,wpen-uji,5e-05,1.0,,15.0,0.215635431363263,498.95024583732726
WCGAN-GP,lt1iot,5e-05,1.0,,15.0,0.2123031046516065,476.97533450548354
WCGAN-GP,cuatroochenta,5e-05,1.0,,15.0,0.149353724779281,446.67960110465265
WCGAN-GP,UJI,5e-05,1.0,,15.0,0.002862169117441518,467.5453548399605
WCGAN-GP,GEOTECWIFI03,5e-05,2.0,,5.0,0.01118656601609954,626.4774726332878
WCGAN-GP,480Invitados,5e-05,2.0,,5.0,0.025420718867567513,339.4335458457242
WCGAN-GP,eduroam,5e-05,2.0,,5.0,0.001032771593487697,568.2261885532124
WCGAN-GP,wpen-uji,5e-05,2.0,,5.0,0.048131971234395055,505.9133073610758
WCGAN-GP,lt1iot,5e-05,2.0,,5.0,0.04490815035099967,497.2717467732658
WCGAN-GP,cuatroochenta,5e-05,2.0,,5.0,0.02419642993039314,382.4307957851041
WCGAN-GP,UJI,5e-05,2.0,,5.0,0.0014056507672023351,695.6479513048998
WCGAN-GP,GEOTECWIFI03,5e-05,2.0,,10.0,0.001429643910467529,542.6490154953249
WCGAN-GP,480Invitados,5e-05,2.0,,10.0,0.010491202614600528,334.9916047733972
WCGAN-GP,eduroam,5e-05,2.0,,10.0,0.00032084232988169943,381.6014588134375
WCGAN-GP,wpen-uji,5e-05,2.0,,10.0,0.012617683088220807,390.38918834701775
WCGAN-GP,lt1iot,5e-05,2.0,,10.0,0.030740934282961797,422.84118316878244
WCGAN-GP,cuatroochenta,5e-05,2.0,,10.0,0.011262067089760077,354.2890269900703
WCGAN-GP,UJI,5e-05,2.0,,10.0,0.000532635936909236,376.3795462585015
WCGAN-GP,GEOTECWIFI03,5e-05,2.0,,15.0,0.0016736177826669318,502.2169754541497
WCGAN-GP,480Invitados,5e-05,2.0,,15.0,0.008702982652408441,384.71570862634354
WCGAN-GP,eduroam,5e-05,2.0,,15.0,0.00039203800287007477,421.35175777334365
WCGAN-GP,wpen-uji,5e-05,2.0,,15.0,0.02044770546342831,447.6180895548245
WCGAN-GP,lt1iot,5e-05,2.0,,15.0,0.03230521995229006,414.8311828174221
WCGAN-GP,cuatroochenta,5e-05,2.0,,15.0,0.008224261051784486,381.260010541553
WCGAN-GP,UJI,5e-05,2.0,,15.0,0.0003693333785882405,383.30230184419645
WCGAN-GP,GEOTECWIFI03,5e-05,3.0,,5.0,0.0022954483424592487,531.4660127185084
WCGAN-GP,480Invitados,5e-05,3.0,,5.0,0.012499249403685849,328.2394527038739
WCGAN-GP,eduroam,5e-05,3.0,,5.0,0.00027465591027642147,393.4862528240832
WCGAN-GP,wpen-uji,5e-05,3.0,,5.0,0.026920398593720814,391.33052184188404
WCGAN-GP,lt1iot,5e-05,3.0,,5.0,0.035799331677300476,422.6678819510688
WCGAN-GP,cuatroochenta,5e-05,3.0,,5.0,0.012636056374145263,357.78358515585154
WCGAN-GP,UJI,5e-05,3.0,,5.0,0.000508328134631743,391.0285469658633
WCGAN-GP,GEOTECWIFI03,5e-05,3.0,,10.0,0.0020416549358008174,543.0031715478569
WCGAN-GP,480Invitados,5e-05,3.0,,10.0,0.017101488869602662,329.76710540823626
WCGAN-GP,eduroam,5e-05,3.0,,10.0,0.0001979670811151483,324.6304354009763
WCGAN-GP,wpen-uji,5e-05,3.0,,10.0,0.02519640829743352,445.1628084753772
WCGAN-GP,lt1iot,5e-05,3.0,,10.0,0.01932412856372797,474.62439836876274
WCGAN-GP,cuatroochenta,5e-05,3.0,,10.0,0.007179258761962493,341.1144712265393
WCGAN-GP,UJI,5e-05,3.0,,10.0,0.00036023651291626317,347.9428261391964
WCGAN-GP,GEOTECWIFI03,5e-05,3.0,,15.0,0.0014204980453720924,515.2158813309436
WCGAN-GP,480Invitados,5e-05,3.0,,15.0,0.008797134419903617,318.20346202133163
WCGAN-GP,eduroam,5e-05,3.0,,15.0,0.00022666606931742717,360.6192169196303
WCGAN-GP,wpen-uji,5e-05,3.0,,15.0,0.014132353679062884,372.10348987355354
WCGAN-GP,lt1iot,5e-05,3.0,,15.0,0.055606223660357675,404.7899433653418
WCGAN-GP,cuatroochenta,5e-05,3.0,,15.0,0.011607861240821353,331.50829489633395
WCGAN-GP,UJI,5e-05,3.0,,15.0,0.00038521202886394055,361.27144134007943
WCGAN-GP,GEOTECWIFI03,5e-05,4.0,,5.0,0.0010794760227300125,485.2532221736002
WCGAN-GP,480Invitados,5e-05,4.0,,5.0,0.010714152560319781,319.47471210917666
WCGAN-GP,eduroam,5e-05,4.0,,5.0,8.224017236961492e-05,286.0548065536294
WCGAN-GP,wpen-uji,5e-05,4.0,,5.0,0.02086659784884811,396.63091843196383
WCGAN-GP,lt1iot,5e-05,4.0,,5.0,0.024122908879058654,493.5983546226556
WCGAN-GP,cuatroochenta,5e-05,4.0,,5.0,0.011237516985269863,343.443244153929
WCGAN-GP,UJI,5e-05,4.0,,5.0,0.00022529499179119704,309.1277812710931
WCGAN-GP,GEOTECWIFI03,5e-05,4.0,,10.0,0.0017742663187115173,457.6501274292607
WCGAN-GP,480Invitados,5e-05,4.0,,10.0,0.004412429889369989,325.81183075702097
WCGAN-GP,eduroam,5e-05,4.0,,10.0,9.461201877954942e-05,275.0470559035986
WCGAN-GP,wpen-uji,5e-05,4.0,,10.0,0.010713667605948895,403.5876203132583
WCGAN-GP,lt1iot,5e-05,4.0,,10.0,0.014066428742405972,390.15523858513035
WCGAN-GP,cuatroochenta,5e-05,4.0,,10.0,0.004311015284556291,350.83082699084775
WCGAN-GP,UJI,5e-05,4.0,,10.0,0.00016436615359577932,287.5458512805643
WCGAN-GP,GEOTECWIFI03,5e-05,4.0,,15.0,0.002414725981982238,506.8772752889649
WCGAN-GP,480Invitados,5e-05,4.0,,15.0,0.008107962439574769,346.133174197852
WCGAN-GP,eduroam,5e-05,4.0,,15.0,0.00016730949207371926,274.8703759287407
WCGAN-GP,wpen-uji,5e-05,4.0,,15.0,0.018681159955086738,429.76401379009565
WCGAN-GP,lt1iot,5e-05,4.0,,15.0,0.019652852056948004,422.60779562827327
WCGAN-GP,cuatroochenta,5e-05,4.0,,15.0,0.007207032205155893,371.19501712228003
WCGAN-GP,UJI,5e-05,4.0,,15.0,0.0002710771499417567,298.466573267606
WCGAN-GP,GEOTECWIFI03,5e-05,5.0,,10.0,0.0009814803414264933,439.97574997262257
WCGAN-GP,480Invitados,5e-05,5.0,,10.0,0.005247038427203834,308.03164082156604
WCGAN-GP,eduroam,5e-05,5.0,,10.0,9.221582477981528e-05,291.7541236475034
WCGAN-GP,wpen-uji,5e-05,5.0,,10.0,0.007998252194428747,369.7472299629909
WCGAN-GP,lt1iot,5e-05,5.0,,10.0,0.01619015935754258,377.0199839332596
WCGAN-GP,cuatroochenta,5e-05,5.0,,10.0,0.00942001331436624,298.84769519267013
WCGAN-GP,UJI,5e-05,5.0,,10.0,8.263150090089455e-05,301.6292378322438
WCGAN-GP,GEOTECWIFI03,5e-05,5.0,,15.0,0.0015158555966057977,497.56226707275783
WCGAN-GP,480Invitados,5e-05,5.0,,15.0,0.005669419070066328,328.6592672344321
WCGAN-GP,eduroam,5e-05,5.0,,15.0,8.889544508023511e-05,292.24847863804456
WCGAN-GP,wpen-uji,5e-05,5.0,,15.0,0.014186529766343554,439.5229034423327
WCGAN-GP,lt1iot,5e-05,5.0,,15.0,0.0126368325979457,394.1149586283508
WCGAN-GP,cuatroochenta,5e-05,5.0,,15.0,0.007456547510185707,343.5327816069533
WCGAN-GP,UJI,5e-05,5.0,,15.0,0.00018253837187627141,304.4167938409006
WCGAN-GP,GEOTECWIFI03,0.0001,1.0,,5.0,0.013614142254650626,549.0995494208742
WCGAN-GP,480Invitados,0.0001,1.0,,5.0,0.03272057864936187,362.811896948136
WCGAN-GP,eduroam,0.0001,1.0,,5.0,0.00047667756520685333,350.4875988380126
WCGAN-GP,wpen-uji,0.0001,1.0,,5.0,0.04188763266155999,340.38079463981956
WCGAN-GP,lt1iot,0.0001,1.0,,5.0,0.055097463672098224,371.16746293893755
WCGAN-GP,cuatroochenta,0.0001,1.0,,5.0,0.027444506210331416,366.67444243374337
WCGAN-GP,UJI,0.0001,1.0,,5.0,0.0025783094419901936,342.79908459457033
WCGAN-GP,GEOTECWIFI03,0.0001,1.0,,10.0,0.055627629576500665,617.5880796814673
WCGAN-GP,480Invitados,0.0001,1.0,,10.0,0.04988097309815749,335.71329951683236
WCGAN-GP,eduroam,0.0001,1.0,,10.0,0.0015247128852408816,375.82430577401544
WCGAN-GP,wpen-uji,0.0001,1.0,,10.0,0.035293349957060266,400.30651813809425
WCGAN-GP,lt1iot,0.0001,1.0,,10.0,0.12227819010789774,377.8051487234765
WCGAN-GP,cuatroochenta,0.0001,1.0,,10.0,0.06485959426294398,356.22747166257636
WCGAN-GP,UJI,0.0001,1.0,,10.0,0.00222482193156626,476.9940219906787
WCGAN-GP,GEOTECWIFI03,0.0001,1.0,,15.0,0.0023341666409697932,469.44555838371116
WCGAN-GP,480Invitados,0.0001,1.0,,15.0,0.011456842797683718,312.8612811295467
WCGAN-GP,eduroam,0.0001,1.0,,15.0,0.000252386265014724,219.2707107062445
WCGAN-GP,wpen-uji,0.0001,1.0,,15.0,0.03929896448111421,344.33646214011657
WCGAN-GP,lt1iot,0.0001,1.0,,15.0,0.015009443050277948,332.60628758437963
WCGAN-GP,cuatroochenta,0.0001,1.0,,15.0,0.01106206724339236,306.7693442313746
WCGAN-GP,UJI,0.0001,1.0,,15.0,0.0003995850715682748,295.90973291211117
WCGAN-GP,GEOTECWIFI03,0.0001,2.0,,5.0,0.0019929176159043348,560.5020849834325
WCGAN-GP,480Invitados,0.0001,2.0,,5.0,0.009565219729848189,401.6410094214268
WCGAN-GP,eduroam,0.0001,2.0,,5.0,0.0006136825040398844,391.1445937084819
WCGAN-GP,wpen-uji,0.0001,2.0,,5.0,0.017678759294957453,434.95997472855987
WCGAN-GP,lt1iot,0.0001,2.0,,5.0,0.02130062279132383,428.4269790398498
WCGAN-GP,cuatroochenta,0.0001,2.0,,5.0,0.009029211410998087,420.66998913319674
WCGAN-GP,UJI,0.0001,2.0,,5.0,0.0005833101477499621,395.43745666387656
WCGAN-GP,GEOTECWIFI03,0.0001,2.0,,10.0,0.0014932429463528438,492.8498504138356
WCGAN-GP,480Invitados,0.0001,2.0,,10.0,0.010634150429578684,370.8481853696921
WCGAN-GP,eduroam,0.0001,2.0,,10.0,0.0003843089218992777,436.09080125712507
WCGAN-GP,wpen-uji,0.0001,2.0,,10.0,0.02464853229469574,433.1047957002264
WCGAN-GP,lt1iot,0.0001,2.0,,10.0,0.021507269832379057,410.43950060229463
WCGAN-GP,cuatroochenta,0.0001,2.0,,10.0,0.011733551881277003,382.9039290467436
WCGAN-GP,UJI,0.0001,2.0,,10.0,0.00025231623377292814,393.6967019779362
WCGAN-GP,GEOTECWIFI03,0.0001,2.0,,15.0,0.0027135591257921726,493.44771369141324
WCGAN-GP,480Invitados,0.0001,2.0,,15.0,0.01494176164593121,341.5143481220065
WCGAN-GP,eduroam,0.0001,2.0,,15.0,0.0002943900390049802,343.55257317383075
WCGAN-GP,wpen-uji,0.0001,2.0,,15.0,0.022087948436527744,450.9560327581877
WCGAN-GP,lt1iot,0.0001,2.0,,15.0,0.01695759037727803,391.8034514125698
WCGAN-GP,cuatroochenta,0.0001,2.0,,15.0,0.010713644217344775,322.3354492270387
WCGAN-GP,UJI,0.0001,2.0,,15.0,0.00022249664919255722,327.1523801919666
WCGAN-GP,GEOTECWIFI03,0.0001,3.0,,5.0,0.002955240350166345,447.5934609437504
WCGAN-GP,480Invitados,0.0001,3.0,,5.0,0.007843574307292836,327.85000415386276
WCGAN-GP,eduroam,0.0001,3.0,,5.0,0.00010181953270168957,275.97253452595083
WCGAN-GP,wpen-uji,0.0001,3.0,,5.0,0.014315744867120266,371.8937291121463
WCGAN-GP,lt1iot,0.0001,3.0,,5.0,0.019619081015990122,349.09947842564384
WCGAN-GP,cuatroochenta,0.0001,3.0,,5.0,0.010400083884165294,336.63360304218054
WCGAN-GP,UJI,0.0001,3.0,,5.0,0.00012835470594278753,303.752027954397
WCGAN-GP,GEOTECWIFI03,0.0001,3.0,,10.0,0.0028134188056337765,427.0755624197669
WCGAN-GP,480Invitados,0.0001,3.0,,10.0,0.004162401991204161,292.6384898546495
WCGAN-GP,eduroam,0.0001,3.0,,10.0,0.00010459374158687095,275.55882105064245
WCGAN-GP,wpen-uji,0.0001,3.0,,10.0,0.007334846573907325,342.70583101955503
WCGAN-GP,lt1iot,0.0001,3.0,,10.0,0.010180971309684353,341.5361393071478
WCGAN-GP,cuatroochenta,0.0001,3.0,,10.0,0.0056699532200996505,317.3614556500399
WCGAN-GP,UJI,0.0001,3.0,,10.0,0.00021604294406856177,292.1353005171285
WCGAN-GP,GEOTECWIFI03,0.0001,3.0,,15.0,0.0012287805278882059,447.49283036932195
WCGAN-GP,480Invitados,0.0001,3.0,,15.0,0.004919838066529025,334.017922092217
WCGAN-GP,eduroam,0.0001,3.0,,15.0,0.0001406786112135149,270.2035248325386
WCGAN-GP,wpen-uji,0.0001,3.0,,15.0,0.011744867298895536,406.60581522174397
WCGAN-GP,lt1iot,0.0001,3.0,,15.0,0.013316370442918229,380.5113953039054
WCGAN-GP,cuatroochenta,0.0001,3.0,,15.0,0.0059296537857415265,316.57209116006277
WCGAN-GP,UJI,0.0001,3.0,,15.0,0.0001656444428937867,305.90970340039996
WCGAN-GP,GEOTECWIFI03,0.0001,4.0,,5.0,0.0005569438712117857,447.666650446453
WCGAN-GP,480Invitados,0.0001,4.0,,5.0,0.003977290250778268,307.1868077055136
WCGAN-GP,eduroam,0.0001,4.0,,5.0,4.4207550351665925e-05,269.1142394880503
WCGAN-GP,wpen-uji,0.0001,4.0,,5.0,0.010361510508052566,371.08474268357753
WCGAN-GP,lt1iot,0.0001,4.0,,5.0,0.007814387112994552,359.137350046727
WCGAN-GP,cuatroochenta,0.0001,4.0,,5.0,0.005091209449847065,313.44960972938776
WCGAN-GP,UJI,0.0001,4.0,,5.0,0.0001039880259348896,261.4951066541959
WCGAN-GP,GEOTECWIFI03,0.0001,4.0,,10.0,0.0006599576605355977,410.61851183791543
WCGAN-GP,480Invitados,0.0001,4.0,,10.0,0.004733036091142536,309.8792686990927
WCGAN-GP,eduroam,0.0001,4.0,,10.0,0.0002126004909409427,224.12827214358117
WCGAN-GP,wpen-uji,0.0001,4.0,,10.0,0.007105537796285987,322.44950271316156
WCGAN-GP,lt1iot,0.0001,4.0,,10.0,0.009086867344836384,329.49444587568775
WCGAN-GP,cuatroochenta,0.0001,4.0,,10.0,0.005573881040241067,303.0336562847727
WCGAN-GP,UJI,0.0001,4.0,,10.0,0.00017593943300639936,258.55291647811174
WCGAN-GP,GEOTECWIFI03,0.0001,4.0,,15.0,0.0007146191790064374,404.0246772482306
WCGAN-GP,480Invitados,0.0001,4.0,,15.0,0.006447864873158649,303.0347163899919
WCGAN-GP,eduroam,0.0001,4.0,,15.0,0.00014403872913858738,267.8074534759304
WCGAN-GP,wpen-uji,0.0001,4.0,,15.0,0.006371670551403998,359.6278915875922
WCGAN-GP,lt1iot,0.0001,4.0,,15.0,0.009916602928563282,328.38122230751054
WCGAN-GP,cuatroochenta,0.0001,4.0,,15.0,0.006190390881418772,325.3526362700467
WCGAN-GP,UJI,0.0001,4.0,,15.0,8.462716910738509e-05,292.06428839976195
WCGAN-GP,GEOTECWIFI03,0.0001,5.0,,5.0,0.000893410869230565,384.27436363658387
WCGAN-GP,480Invitados,0.0001,5.0,,5.0,0.004750799957538816,303.1705133598296
WCGAN-GP,eduroam,0.0001,5.0,,5.0,6.342566050384783e-05,227.34143346580214
WCGAN-GP,wpen-uji,0.0001,5.0,,5.0,0.008373300964058018,329.91126546199337
WCGAN-GP,lt1iot,0.0001,5.0,,5.0,0.009836209791081267,306.2803127695063
WCGAN-GP,cuatroochenta,0.0001,5.0,,5.0,0.00802072503446375,307.362787907982
WCGAN-GP,UJI,0.0001,5.0,,5.0,0.00016399882800841557,245.834907682072
WCGAN-GP,GEOTECWIFI03,0.0001,5.0,,10.0,0.0010908026167044064,413.1009910731159
WCGAN-GP,480Invitados,0.0001,5.0,,10.0,0.006255703058643931,301.2720538796565
WCGAN-GP,eduroam,0.0001,5.0,,10.0,0.00013398918647993864,233.97558850930042
WCGAN-GP,wpen-uji,0.0001,5.0,,10.0,0.006438436401026075,346.03822952037876
WCGAN-GP,lt1iot,0.0001,5.0,,10.0,0.010866306793370464,325.5078776154885
WCGAN-GP,cuatroochenta,0.0001,5.0,,10.0,0.004162855302755564,310.49251737066186
WCGAN-GP,UJI,0.0001,5.0,,10.0,0.0001213383725290674,249.97291655345649
WCGAN-GP,GEOTECWIFI03,0.0001,5.0,,15.0,0.0016458020652832589,401.51292064657576
WCGAN-GP,480Invitados,0.0001,5.0,,15.0,0.006328634564068559,290.259522437177
WCGAN-GP,eduroam,0.0001,5.0,,15.0,0.00010926442770993645,228.19272769714684
WCGAN-GP,wpen-uji,0.0001,5.0,,15.0,0.005393685998058969,337.0718186989069
WCGAN-GP,lt1iot,0.0001,5.0,,15.0,0.010895331494671402,327.8993611625576
WCGAN-GP,cuatroochenta,0.0001,5.0,,15.0,0.0028714484173312255,309.5929980332511
WCGAN-GP,UJI,0.0001,5.0,,15.0,0.00019153319541334558,263.8366563069758
WCGAN-GP,GEOTECWIFI03,0.0005,1.0,,5.0,0.0015686505162015875,268.5932902691892
WCGAN-GP,480Invitados,0.0005,1.0,,5.0,0.008306542599060635,266.5110153983242
WCGAN-GP,eduroam,0.0005,1.0,,5.0,0.0004954360573516028,293.68257101958835
WCGAN-GP,wpen-uji,0.0005,1.0,,5.0,0.016910838158969863,261.08485617116906
WCGAN-GP,lt1iot,0.0005,1.0,,5.0,0.014618358879706254,236.9261793998807
WCGAN-GP,cuatroochenta,0.0005,1.0,,5.0,0.009558540206362992,284.5171285221462
WCGAN-GP,UJI,0.0005,1.0,,5.0,0.00034004195223540264,351.5771394923812
WCGAN-GP,GEOTECWIFI03,0.0005,1.0,,10.0,0.0009325996679039363,303.1763068748031
WCGAN-GP,480Invitados,0.0005,1.0,,10.0,0.007478359271389885,239.0026064751135
WCGAN-GP,eduroam,0.0005,1.0,,10.0,0.00020514641242069288,229.84319225645362
WCGAN-GP,wpen-uji,0.0005,1.0,,10.0,0.011861577981036365,209.4724674022375
WCGAN-GP,lt1iot,0.0005,1.0,,10.0,0.013883053040850411,208.47931796901128
WCGAN-GP,cuatroochenta,0.0005,1.0,,10.0,0.005810254145962098,252.9695342681406
WCGAN-GP,UJI,0.0005,1.0,,10.0,0.00043999844139302677,196.80580351089753
WCGAN-GP,GEOTECWIFI03,0.0005,1.0,,15.0,0.0010483254880180185,295.88232999666786
WCGAN-GP,480Invitados,0.0005,1.0,,15.0,0.009493434455202718,248.09561805994576
WCGAN-GP,eduroam,0.0005,1.0,,15.0,0.00041905795624528827,193.63480306416164
WCGAN-GP,wpen-uji,0.0005,1.0,,15.0,0.02133183179381709,234.2690117327062
WCGAN-GP,lt1iot,0.0005,1.0,,15.0,0.011825591160086116,263.78988740338195
WCGAN-GP,cuatroochenta,0.0005,1.0,,15.0,0.008840976851463067,246.65020402896198
WCGAN-GP,UJI,0.0005,1.0,,15.0,0.00019610658247617985,193.2698584723306
WCGAN-GP,GEOTECWIFI03,0.0005,2.0,,5.0,0.0018448509904547402,375.6770818197466
WCGAN-GP,480Invitados,0.0005,2.0,,5.0,0.008277991193435833,251.21218448452373
WCGAN-GP,eduroam,0.0005,2.0,,5.0,0.0002878175850191877,357.4538019060725
WCGAN-GP,wpen-uji,0.0005,2.0,,5.0,0.02113336709209007,284.1162022534198
WCGAN-GP,lt1iot,0.0005,2.0,,5.0,0.010101408830345701,260.6042642788383
WCGAN-GP,cuatroochenta,0.0005,2.0,,5.0,0.017347220140630802,284.7272693559334
WCGAN-GP,UJI,0.0005,2.0,,5.0,0.001325614424608169,337.48170010813317
WCGAN-GP,GEOTECWIFI03,0.0005,2.0,,10.0,0.0007189022961540817,352.1390608339979
WCGAN-GP,480Invitados,0.0005,2.0,,10.0,0.005744460827526859,264.4745633170357
WCGAN-GP,eduroam,0.0005,2.0,,10.0,0.0003990986725066689,233.90049834497776
WCGAN-GP,wpen-uji,0.0005,2.0,,10.0,0.009912230304719646,245.88663089502614
WCGAN-GP,lt1iot,0.0005,2.0,,10.0,0.013969080795988398,248.11669661081712
WCGAN-GP,cuatroochenta,0.0005,2.0,,10.0,0.007307602349388084,268.32021113439794
WCGAN-GP,UJI,0.0005,2.0,,10.0,0.0002168361901901711,238.18840222091174
WCGAN-GP,GEOTECWIFI03,0.0005,2.0,,15.0,0.0010507200754870157,302.3720491859872
WCGAN-GP,480Invitados,0.0005,2.0,,15.0,0.018615196091200624,265.9260506961
WCGAN-GP,eduroam,0.0005,2.0,,15.0,0.000333681046066253,219.37844821034582
WCGAN-GP,wpen-uji,0.0005,2.0,,15.0,0.028251996313376188,246.69132313930317
WCGAN-GP,lt1iot,0.0005,2.0,,15.0,0.012852291934147556,242.7773102000105
WCGAN-GP,cuatroochenta,0.0005,2.0,,15.0,0.02489489740269718,271.9381765973412
WCGAN-GP,UJI,0.0005,2.0,,15.0,0.0006220528241270861,231.66935073276443
WCGAN-GP,GEOTECWIFI03,0.0005,3.0,,5.0,0.0026642661669914955,398.54765729144185
WCGAN-GP,480Invitados,0.0005,3.0,,5.0,0.026260236062534914,328.05329263991376
WCGAN-GP,eduroam,0.0005,3.0,,5.0,0.0002676551345724026,243.470490503779
WCGAN-GP,wpen-uji,0.0005,3.0,,5.0,0.03399421487895124,351.0159045013428
WCGAN-GP,lt1iot,0.0005,3.0,,5.0,0.01820288826073381,298.7380909508577
WCGAN-GP,cuatroochenta,0.0005,3.0,,5.0,0.04147088349907288,320.0984056529569
WCGAN-GP,UJI,0.0005,3.0,,5.0,0.0007033715244855725,254.00882914598182
WCGAN-GP,GEOTECWIFI03,0.0005,3.0,,10.0,0.0009318759794747404,371.6970981036234
WCGAN-GP,480Invitados,0.0005,3.0,,10.0,0.04214259594192896,354.9339481439283
WCGAN-GP,eduroam,0.0005,3.0,,10.0,0.001041783113687033,270.46560660272223
WCGAN-GP,wpen-uji,0.0005,3.0,,10.0,0.042520826661123015,303.1289103991572
WCGAN-GP,lt1iot,0.0005,3.0,,10.0,0.03344769281015666,292.70426926517814
WCGAN-GP,cuatroochenta,0.0005,3.0,,10.0,0.04393211846560671,371.17433637191357
WCGAN-GP,UJI,0.0005,3.0,,10.0,0.0010588253726469977,279.25046080839115
WCGAN-GP,GEOTECWIFI03,0.0005,3.0,,15.0,0.0019370577683177244,377.1172782321081
WCGAN-GP,480Invitados,0.0005,3.0,,15.0,0.022399278325245884,302.38407232169743
WCGAN-GP,eduroam,0.0005,3.0,,15.0,0.00025440667778775473,294.93528078183283
WCGAN-GP,wpen-uji,0.0005,3.0,,15.0,0.08221351942324025,344.5445648822253
WCGAN-GP,lt1iot,0.0005,3.0,,15.0,0.03471972691374787,294.2814227959447
WCGAN-GP,cuatroochenta,0.0005,3.0,,15.0,0.025972321150614562,287.20003983983054
WCGAN-GP,UJI,0.0005,3.0,,15.0,0.0003813752745924796,258.1598729098631
WCGAN-GP,GEOTECWIFI03,0.0005,4.0,,5.0,0.0012600576103599147,430.5767780526478
WCGAN-GP,480Invitados,0.0005,4.0,,5.0,0.01057645115034547,327.17610888967835
WCGAN-GP,eduroam,0.0005,4.0,,5.0,0.000418603426217125,299.27010549851013
WCGAN-GP,wpen-uji,0.0005,4.0,,5.0,0.02481616325690533,453.5434908021792
WCGAN-GP,lt1iot,0.0005,4.0,,5.0,0.03293071247855827,383.3033519410291
WCGAN-GP,cuatroochenta,0.0005,4.0,,5.0,0.014924533483215208,347.1892460323289
WCGAN-GP,UJI,0.0005,4.0,,5.0,0.0002702204000808372,272.4178909405938
WCGAN-GP,GEOTECWIFI03,0.0005,4.0,,10.0,0.002111710964753102,473.0490220614114
WCGAN-GP,480Invitados,0.0005,4.0,,10.0,0.02010025154006753,366.18459437462116
WCGAN-GP,eduroam,0.0005,4.0,,10.0,0.0007739494996821649,351.76906673392085
WCGAN-GP,wpen-uji,0.0005,4.0,,10.0,0.03304027185713346,455.0861532156919
WCGAN-GP,lt1iot,0.0005,4.0,,10.0,0.01837955859529491,380.37682070489257
WCGAN-GP,cuatroochenta,0.0005,4.0,,10.0,0.0168989351773979,386.8200391030903
WCGAN-GP,UJI,0.0005,4.0,,10.0,0.0007624186328469024,304.65921800766796
WCGAN-GP,GEOTECWIFI03,0.0005,4.0,,15.0,0.0023897793396673523,450.2186118203848
WCGAN-GP,480Invitados,0.0005,4.0,,15.0,0.02225451877864075,328.5067240700163
WCGAN-GP,eduroam,0.0005,4.0,,15.0,0.0008293700209672508,407.3855166620669
WCGAN-GP,wpen-uji,0.0005,4.0,,15.0,0.07482925200824225,410.53446585445425
WCGAN-GP,lt1iot,0.0005,4.0,,15.0,0.03434379888904908,403.9536519046517
WCGAN-GP,cuatroochenta,0.0005,4.0,,15.0,0.023789459045405456,357.7392324419423
WCGAN-GP,UJI,0.0005,4.0,,15.0,0.00046631276143337564,312.2922340648977
WCGAN-GP,GEOTECWIFI03,0.0005,5.0,,5.0,0.00117996865405866,469.11458572664117
WCGAN-GP,480Invitados,0.0005,5.0,,5.0,0.007170760812719853,334.1081798437406
WCGAN-GP,eduroam,0.0005,5.0,,5.0,0.0002681105140377037,313.567312735677
WCGAN-GP,wpen-uji,0.0005,5.0,,5.0,0.01435184234174225,432.74463654683314
WCGAN-GP,lt1iot,0.0005,5.0,,5.0,0.015524760135556585,447.01243233874754
WCGAN-GP,cuatroochenta,0.0005,5.0,,5.0,0.006728872332535057,362.86551963896704
WCGAN-GP,UJI,0.0005,5.0,,5.0,0.0003100811184910757,289.6750213780688
WCGAN-GP,GEOTECWIFI03,0.0005,5.0,,10.0,0.0017173634916809498,552.3177173773915
WCGAN-GP,480Invitados,0.0005,5.0,,10.0,0.05131357195726347,452.42137792881414
WCGAN-GP,eduroam,0.0005,5.0,,10.0,0.0005320774910829527,400.68949961057297
WCGAN-GP,wpen-uji,0.0005,5.0,,10.0,0.0827546532859933,556.3459835282086
WCGAN-GP,lt1iot,0.0005,5.0,,10.0,0.0464985916234817,448.7996933494776
WCGAN-GP,cuatroochenta,0.0005,5.0,,10.0,0.06203167535414192,496.9413289541638
WCGAN-GP,UJI,0.0005,5.0,,10.0,0.0008168972216635994,412.8353967248621
WCGAN-GP,GEOTECWIFI03,0.0005,5.0,,15.0,0.002178597409550207,539.9441423511004
WCGAN-GP,480Invitados,0.0005,5.0,,15.0,0.017718184948154466,364.88568627226704
WCGAN-GP,eduroam,0.0005,5.0,,15.0,0.001327740186664678,946.9680070856301
WCGAN-GP,wpen-uji,0.0005,5.0,,15.0,0.03103560357286076,488.7863753116279
WCGAN-GP,lt1iot,0.0005,5.0,,15.0,0.025506337710928435,423.9816466988163
WCGAN-GP,cuatroochenta,0.0005,5.0,,15.0,0.012105151102441774,370.502077562251
WCGAN-GP,UJI,0.0005,5.0,,15.0,0.0012139352885156985,605.5353677798701
WCGAN-GP,GEOTECWIFI03,0.001,1.0,,5.0,0.0014587034082943102,297.5245368362805
WCGAN-GP,480Invitados,0.001,1.0,,5.0,0.005569945290360523,248.8485479184635
WCGAN-GP,eduroam,0.001,1.0,,5.0,0.0003563247710741844,204.73443050876753
WCGAN-GP,wpen-uji,0.001,1.0,,5.0,0.034894553134660077,264.40701652321115
WCGAN-GP,lt1iot,0.001,1.0,,5.0,0.020918151165820513,236.38786547690034
WCGAN-GP,cuatroochenta,0.001,1.0,,5.0,0.01218477029318852,274.4469802300566
WCGAN-GP,UJI,0.001,1.0,,5.0,0.0006101769527224127,199.0249570258486
WCGAN-GP,GEOTECWIFI03,0.001,1.0,,10.0,0.0017378562900227622,270.36515676478035
WCGAN-GP,480Invitados,0.001,1.0,,10.0,0.013604389009116962,282.70585125115684
WCGAN-GP,eduroam,0.001,1.0,,10.0,0.00043016855966411787,183.41833755134132
WCGAN-GP,wpen-uji,0.001,1.0,,10.0,0.023227509797208085,287.71694370527644
WCGAN-GP,lt1iot,0.001,1.0,,10.0,0.009299497598261135,254.314357977468
WCGAN-GP,cuatroochenta,0.001,1.0,,10.0,0.01632048347169434,278.93847602254755
WCGAN-GP,UJI,0.001,1.0,,10.0,0.000219869322409476,191.19365678426198
WCGAN-GP,GEOTECWIFI03,0.001,1.0,,15.0,0.0009086852755838468,267.40341407567144
WCGAN-GP,480Invitados,0.001,1.0,,15.0,0.024884180049435052,279.7748546431367
WCGAN-GP,eduroam,0.001,1.0,,15.0,0.0011703420883553317,189.36563308771056
WCGAN-GP,wpen-uji,0.001,1.0,,15.0,0.008354152657615167,221.3878581777264
WCGAN-GP,lt1iot,0.001,1.0,,15.0,0.02735514929920165,443.2824444398467
WCGAN-GP,cuatroochenta,0.001,1.0,,15.0,0.014124857508527367,271.0314504181139
WCGAN-GP,UJI,0.001,1.0,,15.0,0.0006335685597274234,219.0984045069792
WCGAN-GP,GEOTECWIFI03,0.001,2.0,,5.0,0.0018837077628522788,310.85092630603805
WCGAN-GP,480Invitados,0.001,2.0,,5.0,0.011905039559249452,285.13491387198366
WCGAN-GP,eduroam,0.001,2.0,,5.0,0.0007526825680995337,263.10482845628337
WCGAN-GP,wpen-uji,0.001,2.0,,5.0,0.03919814436012295,285.6142951483407
WCGAN-GP,lt1iot,0.001,2.0,,5.0,0.01935509107989611,259.86522516186085
WCGAN-GP,cuatroochenta,0.001,2.0,,5.0,0.020271499868387416,264.227454534721
WCGAN-GP,UJI,0.001,2.0,,5.0,0.0006285052450140469,247.88152563401115
WCGAN-GP,GEOTECWIFI03,0.001,2.0,,10.0,0.0022762701893316896,310.1605461018572
WCGAN-GP,480Invitados,0.001,2.0,,10.0,0.013407910055141668,281.84787370190514
WCGAN-GP,eduroam,0.001,2.0,,10.0,0.00039819402682518025,211.01771749615534
WCGAN-GP,wpen-uji,0.001,2.0,,10.0,0.016029547447060553,297.38987621406517
WCGAN-GP,lt1iot,0.001,2.0,,10.0,0.010714874015714798,271.6452405007765
WCGAN-GP,cuatroochenta,0.001,2.0,,10.0,0.01713778926004928,288.41048590983075
WCGAN-GP,UJI,0.001,2.0,,10.0,0.0008303869241547621,233.06521515937538
WCGAN-GP,GEOTECWIFI03,0.001,2.0,,15.0,0.0013966434087949126,314.120433713936
WCGAN-GP,480Invitados,0.001,2.0,,15.0,0.009594367797251431,282.58898282098517
WCGAN-GP,eduroam,0.001,2.0,,15.0,0.0005060543999902273,235.5582515142141
WCGAN-GP,wpen-uji,0.001,2.0,,15.0,0.019772422818576826,248.9769215090846
WCGAN-GP,lt1iot,0.001,2.0,,15.0,0.033145165281848465,264.3725121222493
WCGAN-GP,cuatroochenta,0.001,2.0,,15.0,0.01390984757473147,267.0164818772107
WCGAN-GP,UJI,0.001,2.0,,15.0,0.00043188837106184624,244.65796941697502
WCGAN-GP,GEOTECWIFI03,0.001,3.0,,5.0,0.0027632745510708405,501.3968675727251
WCGAN-GP,480Invitados,0.001,3.0,,5.0,0.023590886280877396,365.1442504268051
WCGAN-GP,eduroam,0.001,3.0,,5.0,0.000733985505513205,386.0189511037756
WCGAN-GP,wpen-uji,0.001,3.0,,5.0,0.051082400815997776,448.955294336231
WCGAN-GP,lt1iot,0.001,3.0,,5.0,0.023641862359017378,387.3313338724337
WCGAN-GP,cuatroochenta,0.001,3.0,,5.0,0.016331488584319338,361.32151044702465
WCGAN-GP,UJI,0.001,3.0,,5.0,0.00031213642644213873,319.64915443755416
WCGAN-GP,GEOTECWIFI03,0.001,3.0,,10.0,0.0023834443714305063,422.3139417593601
WCGAN-GP,480Invitados,0.001,3.0,,10.0,0.038490770888311064,333.31703721290455
WCGAN-GP,eduroam,0.001,3.0,,10.0,0.0006697571003393328,436.6108428430049
WCGAN-GP,wpen-uji,0.001,3.0,,10.0,0.04351346122256509,431.55684387186034
WCGAN-GP,lt1iot,0.001,3.0,,10.0,0.025199464182773794,359.6729670892758
WCGAN-GP,cuatroochenta,0.001,3.0,,10.0,0.022940293845644583,361.1313579182434
WCGAN-GP,UJI,0.001,3.0,,10.0,0.0009950758650516395,332.42651828999226
WCGAN-GP,GEOTECWIFI03,0.001,3.0,,15.0,0.00530218972894566,436.7622010643046
WCGAN-GP,480Invitados,0.001,3.0,,15.0,0.04887685199210618,364.54346641787845
WCGAN-GP,eduroam,0.001,3.0,,15.0,0.0007197814768070861,509.66595764619626
WCGAN-GP,wpen-uji,0.001,3.0,,15.0,0.028807451337046142,447.519230316098
WCGAN-GP,lt1iot,0.001,3.0,,15.0,0.018493146634501904,336.41651119912774
WCGAN-GP,cuatroochenta,0.001,3.0,,15.0,0.07021030806273008,371.69376242410806
WCGAN-GP,UJI,0.001,3.0,,15.0,0.0007730165659974725,417.8836790452819
WCGAN-GP,GEOTECWIFI03,0.001,4.0,,5.0,0.0017177352120506814,771.6859466200589
WCGAN-GP,480Invitados,0.001,4.0,,5.0,0.008874051272201543,466.0528177601326
WCGAN-GP,eduroam,0.001,4.0,,5.0,0.002290636916172773,765.3033827844481
WCGAN-GP,wpen-uji,0.001,4.0,,5.0,0.030733015608746098,616.2613121396312
WCGAN-GP,lt1iot,0.001,4.0,,5.0,0.022526615570234047,517.8607570855687
WCGAN-GP,cuatroochenta,0.001,4.0,,5.0,0.008368404111664254,589.9022997683642
WCGAN-GP,UJI,0.001,4.0,,5.0,0.0008008464903189669,884.3961044083935
WCGAN-GP,GEOTECWIFI03,0.001,4.0,,10.0,0.001771077185577996,476.40859782555526
WCGAN-GP,480Invitados,0.001,4.0,,10.0,0.010309153683636444,322.58847063506255
WCGAN-GP,eduroam,0.001,4.0,,10.0,0.0005470462438343462,520.0682462552817
WCGAN-GP,wpen-uji,0.001,4.0,,10.0,0.029418572227629412,416.56858868987194
WCGAN-GP,lt1iot,0.001,4.0,,10.0,0.022377698803951965,411.34064378427854
WCGAN-GP,cuatroochenta,0.001,4.0,,10.0,0.011069793004540321,359.6752111279193
WCGAN-GP,UJI,0.001,4.0,,10.0,0.0003075653597475979,348.7753314832144
WCGAN-GP,GEOTECWIFI03,0.001,4.0,,15.0,0.0034795668396360767,502.04682041230683
WCGAN-GP,480Invitados,0.001,4.0,,15.0,0.013293495927667839,408.74361883775157
WCGAN-GP,eduroam,0.001,4.0,,15.0,0.0005354707119183162,388.16295038772614
WCGAN-GP,wpen-uji,0.001,4.0,,15.0,0.08029792056352769,447.68682254005546
WCGAN-GP,lt1iot,0.001,4.0,,15.0,0.07641742954315886,458.5001927487055
WCGAN-GP,cuatroochenta,0.001,4.0,,15.0,0.009716621343249843,422.32080087283765
WCGAN-GP,UJI,0.001,4.0,,15.0,0.0005702617142174099,401.4600823335387
WCGAN-GP,GEOTECWIFI03,0.001,5.0,,5.0,0.001217710804481219,756.7972054040072
WCGAN-GP,480Invitados,0.001,5.0,,5.0,0.020509952319881036,403.2161310915741
WCGAN-GP,eduroam,0.001,5.0,,5.0,0.0005772924472188263,617.960161710114
WCGAN-GP,wpen-uji,0.001,5.0,,5.0,0.07860012820463123,465.22210332634063
WCGAN-GP,lt1iot,0.001,5.0,,5.0,0.07954666473682306,484.91592283781085
WCGAN-GP,cuatroochenta,0.001,5.0,,5.0,0.013833335996735068,483.1215125445798
WCGAN-GP,UJI,0.001,5.0,,5.0,0.0008231870930812991,646.5564817855088
WCGAN-GP,GEOTECWIFI03,0.001,5.0,,10.0,0.0014360356717875652,801.689176096394
WCGAN-GP,480Invitados,0.001,5.0,,10.0,0.01310982174463551,472.53443337987005
WCGAN-GP,eduroam,0.001,5.0,,10.0,0.001591784556316883,850.9749977954721
WCGAN-GP,wpen-uji,0.001,5.0,,10.0,0.04146274954744811,581.9054227837453
WCGAN-GP,lt1iot,0.001,5.0,,10.0,0.03444976442237839,592.0309350768973
WCGAN-GP,cuatroochenta,0.001,5.0,,10.0,0.015023611621225536,535.8120470705114
WCGAN-GP,UJI,0.001,5.0,,10.0,0.0018753954187017844,748.2154182295225
WCGAN-GP,GEOTECWIFI03,0.001,5.0,,15.0,0.0040509114967911646,543.0038505699719
WCGAN-GP,480Invitados,0.001,5.0,,15.0,0.014033448685306229,419.0577705344121
WCGAN-GP,eduroam,0.001,5.0,,15.0,0.0009046570843634274,554.1202002211231
WCGAN-GP,wpen-uji,0.001,5.0,,15.0,0.03793157200535263,442.3219747573229
WCGAN-GP,lt1iot,0.001,5.0,,15.0,0.03543592855918063,429.8139407821273
WCGAN-GP,cuatroochenta,0.001,5.0,,15.0,0.016039331224130912,416.4521132845425
WCGAN-GP,UJI,0.001,5.0,,15.0,0.0013074522490264945,386.27786852928455
WCGAN-GP,GEOTECWIFI03,0.005,1.0,,5.0,2.570448676280419,939.6322885046455
WCGAN-GP,480Invitados,0.005,1.0,,5.0,15.468639543184223,1003.1215404992206
WCGAN-GP,eduroam,0.005,1.0,,5.0,2.4127221874930194,931.5391561988722
WCGAN-GP,wpen-uji,0.005,1.0,,5.0,16.84439616192228,1099.1965654456678
WCGAN-GP,lt1iot,0.005,1.0,,5.0,,1113.1887090198234
WCGAN-GP,cuatroochenta,0.005,1.0,,5.0,16.334532402490286,1075.4012179294327
WCGAN-GP,UJI,0.005,1.0,,5.0,14.92108924234197,902.4776794593417
WCGAN-GP,GEOTECWIFI03,0.005,1.0,,10.0,,1191.0560022616758
WCGAN-GP,480Invitados,0.005,1.0,,10.0,,825.1512009017267
WCGAN-GP,eduroam,0.005,1.0,,10.0,,719.689611745687
WCGAN-GP,wpen-uji,0.005,1.0,,10.0,,907.4448794095192
WCGAN-GP,lt1iot,0.005,1.0,,10.0,,911.3801434593789
WCGAN-GP,cuatroochenta,0.005,1.0,,10.0,,895.4400149757894
WCGAN-GP,UJI,0.005,1.0,,10.0,,748.6822399981306
WCGAN-GP,GEOTECWIFI03,0.005,1.0,,15.0,0.0021432596194118445,428.4178839194225
WCGAN-GP,480Invitados,0.005,1.0,,15.0,0.08510115611653182,362.251603851867
WCGAN-GP,eduroam,0.005,1.0,,15.0,0.0005580067261144726,408.7964076211881
WCGAN-GP,wpen-uji,0.005,1.0,,15.0,0.11057193755223191,463.02429750801895
WCGAN-GP,lt1iot,0.005,1.0,,15.0,0.06791892658896509,461.4908379841394
WCGAN-GP,cuatroochenta,0.005,1.0,,15.0,0.09556071522542925,411.70357344361173
WCGAN-GP,UJI,0.005,1.0,,15.0,0.0006018169867032415,332.830773248332
WCGAN-GP,GEOTECWIFI03,0.005,2.0,,5.0,0.004503480278265512,634.8681975634751
WCGAN-GP,480Invitados,0.005,2.0,,5.0,0.019075657624214863,444.63507493923805
WCGAN-GP,eduroam,0.005,2.0,,5.0,0.0005310246466637464,357.1382998055748
WCGAN-GP,wpen-uji,0.005,2.0,,5.0,0.08271859126694295,461.9902709836824
WCGAN-GP,lt1iot,0.005,2.0,,5.0,0.0538239421530648,492.9598251121729
WCGAN-GP,cuatroochenta,0.005,2.0,,5.0,0.03100074882063766,459.1617024836063
WCGAN-GP,UJI,0.005,2.0,,5.0,0.0009342006118269793,460.81423216046323
WCGAN-GP,GEOTECWIFI03,0.005,2.0,,10.0,0.005717181828631271,995.9229893516278
WCGAN-GP,480Invitados,0.005,2.0,,10.0,0.05964431555175861,551.3669598203445
WCGAN-GP,eduroam,0.005,2.0,,10.0,0.0009536852361317454,543.6144218929716
WCGAN-GP,wpen-uji,0.005,2.0,,10.0,0.22872609351890813,626.1935561882747
WCGAN-GP,lt1iot,0.005,2.0,,10.0,0.16044878227728013,774.0830465761571
WCGAN-GP,cuatroochenta,0.005,2.0,,10.0,0.03291397433026967,574.2688959788418
WCGAN-GP,UJI,0.005,2.0,,10.0,0.0028266638597507603,837.14242147482
WCGAN-GP,GEOTECWIFI03,0.005,2.0,,15.0,0.0024963057118056083,922.5810916010981
WCGAN-GP,480Invitados,0.005,2.0,,15.0,0.029314322941412667,590.8329557562804
WCGAN-GP,eduroam,0.005,2.0,,15.0,0.000971554625362232,585.6555422173376
WCGAN-GP,wpen-uji,0.005,2.0,,15.0,0.04665227623796014,700.3236756801277
WCGAN-GP,lt1iot,0.005,2.0,,15.0,0.04729669603607048,752.8929033951878
WCGAN-GP,cuatroochenta,0.005,2.0,,15.0,0.029407621312323953,636.6938805597765
WCGAN-GP,UJI,0.005,2.0,,15.0,0.0007057767898757624,832.8278401901542
WCGAN-GP,GEOTECWIFI03,0.005,3.0,,5.0,0.0028605627667557306,950.9717337881523
WCGAN-GP,480Invitados,0.005,3.0,,5.0,0.010563068901709004,913.3967239528426
WCGAN-GP,eduroam,0.005,3.0,,5.0,0.0016922056182041584,842.2384216607755
WCGAN-GP,wpen-uji,0.005,3.0,,5.0,0.03021639549052052,836.5278560976474
WCGAN-GP,lt1iot,0.005,3.0,,5.0,0.029520993264108675,942.4622003305454
WCGAN-GP,cuatroochenta,0.005,3.0,,5.0,0.014162497029263038,969.2210093470553
WCGAN-GP,UJI,0.005,3.0,,5.0,0.001144743295047671,957.216671092882
WCGAN-GP,GEOTECWIFI03,0.005,3.0,,10.0,0.0031437613955588844,1114.7817032732285
WCGAN-GP,480Invitados,0.005,3.0,,10.0,0.016075126600193453,1013.8347414582161
WCGAN-GP,eduroam,0.005,3.0,,10.0,0.0012127572775361725,789.6361329955097
WCGAN-GP,wpen-uji,0.005,3.0,,10.0,0.06502928654952664,997.9796520083123
WCGAN-GP,lt1iot,0.005,3.0,,10.0,0.05208758936527231,894.2381717632087
WCGAN-GP,cuatroochenta,0.005,3.0,,10.0,0.018879409239764083,1132.884408338255
WCGAN-GP,UJI,0.005,3.0,,10.0,0.0008837657413181873,850.5638179404781
WCGAN-GP,GEOTECWIFI03,0.005,3.0,,15.0,0.002773163414700545,859.6975389565938
WCGAN-GP,480Invitados,0.005,3.0,,15.0,0.01961941303827463,554.9428854770739
WCGAN-GP,eduroam,0.005,3.0,,15.0,0.0006056258388472519,809.8189882058768
WCGAN-GP,wpen-uji,0.005,3.0,,15.0,0.06814010302599262,580.1618569387426
WCGAN-GP,lt1iot,0.005,3.0,,15.0,0.04180364198068111,589.9220039590781
WCGAN-GP,cuatroochenta,0.005,3.0,,15.0,0.019763452698884812,611.3794429043621
WCGAN-GP,UJI,0.005,3.0,,15.0,0.0007432422434896502,823.6252219811188
WCGAN-GP,GEOTECWIFI03,0.005,4.0,,5.0,,1329.8956947451404
WCGAN-GP,480Invitados,0.005,4.0,,5.0,,1011.0521264193738
WCGAN-GP,eduroam,0.005,4.0,,5.0,,875.215711910018
WCGAN-GP,wpen-uji,0.005,4.0,,5.0,,1099.7371167423844
WCGAN-GP,lt1iot,0.005,4.0,,5.0,,1113.1887090198234
WCGAN-GP,cuatroochenta,0.005,4.0,,5.0,,1076.6773547979087
WCGAN-GP,UJI,0.005,4.0,,5.0,,923.1960116244859
WCGAN-GP,GEOTECWIFI03,0.005,4.0,,10.0,0.0035346088927997307,786.1260321498875
WCGAN-GP,480Invitados,0.005,4.0,,10.0,0.010635834265399664,410.8013107649016
WCGAN-GP,eduroam,0.005,4.0,,10.0,0.00027308271827413723,567.0570568326239
WCGAN-GP,wpen-uji,0.005,4.0,,10.0,0.01918363453011928,462.7463185046287
WCGAN-GP,lt1iot,0.005,4.0,,10.0,0.028752430341209452,509.0752616276949
WCGAN-GP,cuatroochenta,0.005,4.0,,10.0,0.014478571165532174,492.43219525648647
WCGAN-GP,UJI,0.005,4.0,,10.0,0.0003556844131188423,442.7752524060205
WCGAN-GP,GEOTECWIFI03,0.005,4.0,,15.0,,1191.0560022616758
WCGAN-GP,480Invitados,0.005,4.0,,15.0,,825.1512009017267
WCGAN-GP,eduroam,0.005,4.0,,15.0,,719.689611745687
WCGAN-GP,wpen-uji,0.005,4.0,,15.0,,907.4448794095192
WCGAN-GP,lt1iot,0.005,4.0,,15.0,,911.3801434593789
WCGAN-GP,cuatroochenta,0.005,4.0,,15.0,,895.4400149757894
WCGAN-GP,UJI,0.005,4.0,,15.0,,748.6822399981306
WCGAN-GP,GEOTECWIFI03,0.005,5.0,,5.0,0.002185037251566352,1048.662947854487
WCGAN-GP,480Invitados,0.005,5.0,,5.0,0.025225140175927346,783.0176127413717
WCGAN-GP,eduroam,0.005,5.0,,5.0,0.0008154848730960278,604.2521456392292
WCGAN-GP,wpen-uji,0.005,5.0,,5.0,0.03097504429519806,767.0132389116952
WCGAN-GP,lt1iot,0.005,5.0,,5.0,0.04179795037715098,896.0101789225038
WCGAN-GP,cuatroochenta,0.005,5.0,,5.0,0.020123883855588776,858.162373849177
WCGAN-GP,UJI,0.005,5.0,,5.0,0.0005397145363611995,740.9504718780734
WCGAN-GP,GEOTECWIFI03,0.005,5.0,,10.0,0.002668161922795189,1001.1963861852618
WCGAN-GP,480Invitados,0.005,5.0,,10.0,0.02564705821712416,767.1091768704048
WCGAN-GP,eduroam,0.005,5.0,,10.0,0.0011077232017697013,1015.5652199152162
WCGAN-GP,wpen-uji,0.005,5.0,,10.0,0.055540905930679035,714.8546349654916
WCGAN-GP,lt1iot,0.005,5.0,,10.0,0.09555491730644336,969.095414584319
WCGAN-GP,cuatroochenta,0.005,5.0,,10.0,0.026355755634627366,766.3435527625452
WCGAN-GP,UJI,0.005,5.0,,10.0,0.002233811792657662,994.2928554142495
WCGAN-GP,GEOTECWIFI03,0.005,5.0,,15.0,,1329.8956947451404
WCGAN-GP,480Invitados,0.005,5.0,,15.0,,1011.0521264193738
WCGAN-GP,eduroam,0.005,5.0,,15.0,,875.215711910018
WCGAN-GP,wpen-uji,0.005,5.0,,15.0,,1099.7371167423844
WCGAN-GP,lt1iot,0.005,5.0,,15.0,,1113.1887090198234
WCGAN-GP,cuatroochenta,0.005,5.0,,15.0,,1076.6773547979087
WCGAN-GP,UJI,0.005,5.0,,15.0,,923.1960116244859
