AppTimestamp(s),GEOTECWIFI03,480Invitados,eduroam,wpen-uji,lt1iot,cuatroochenta,UJI,Latitude,Longitude,Label
30.0,-82.0,-94.0,-81.48666666666666,-94.0,-94.0,-94.0,-82.2,0.0,0.6,0.0
35.0,-79.0,-94.0,-80.53999999999999,-94.0,-94.0,-94.0,-80.9611111111111,0.0,0.6,0.0
40.0,-79.0,-94.0,-81.33333333333333,-94.0,-94.0,-94.0,-81.58333333333333,0.0,0.6,0.0
45.0,-79.0,-94.0,-81.33333333333331,-94.0,-94.0,-94.0,-81.58333333333331,0.0,0.6,0.0
50.0,-79.0,-94.0,-81.33333333333333,-94.0,-94.0,-94.0,-81.58333333333333,0.0,0.6,0.0
55.0,-79.0,-94.0,-81.33333333333331,-94.0,-94.0,-94.0,-81.58333333333331,0.0,0.6,0.0
60.0,-79.0,-94.0,-81.33333333333333,-94.0,-94.0,-94.0,-81.58333333333333,0.0,0.6,0.0
65.0,-79.0,-94.0,-81.33333333333331,-94.0,-94.0,-94.0,-81.58333333333331,0.0,0.6,0.0
70.0,-79.0,-94.0,-81.33333333333333,-94.0,-94.0,-94.0,-81.58333333333333,0.0,0.6,0.0
75.0,-79.0,-94.0,-81.33333333333331,-94.0,-94.0,-94.0,-81.58333333333331,0.0,0.6,0.0
80.0,-79.0,-94.0,-81.33333333333333,-94.0,-94.0,-94.0,-81.58333333333333,0.0,0.6,0.0
85.0,-79.0,-94.0,-81.33333333333331,-94.0,-94.0,-94.0,-81.58333333333331,0.0,0.6,0.0
90.0,-79.0,-94.0,-81.33333333333333,-94.0,-94.0,-94.0,-81.58333333333333,0.0,0.6,0.0
95.0,-79.0,-94.0,-81.33333333333331,-94.0,-94.0,-94.0,-81.58333333333331,0.0,0.6,0.0
100.0,-79.0,-94.0,-81.33333333333333,-94.0,-94.0,-94.0,-81.58333333333333,0.0,0.6,0.0
105.0,-79.0,-94.0,-81.33333333333331,-94.0,-94.0,-94.0,-81.58333333333331,0.0,0.6,0.0
110.0,-79.0,-94.0,-81.33333333333333,-94.0,-94.0,-94.0,-81.58333333333333,0.0,0.6,0.0
115.0,-79.0,-94.0,-81.33333333333331,-94.0,-94.0,-94.0,-81.58333333333331,0.0,0.6,0.0
120.0,-80.0,-94.0,-82.17777777777778,-94.0,-94.0,-94.0,-82.41111111111111,0.0,0.6,0.0
125.0,-83.0,-93.85,-83.59444444444445,-94.0,-94.0,-93.7,-84.31111111111112,0.0,0.6,0.0
130.0,-85.0,-93.31666666666666,-82.13333333333334,-94.0,-94.0,-92.8,-84.06666666666666,0.0,0.6,0.0
135.0,-88.0,-92.61666666666666,-81.91666666666667,-94.0,-94.0,-91.9,-84.35,0.0,0.6,0.0
140.0,-90.0,-92.15,-81.77222222222223,-94.0,-94.0,-91.3,-84.5388888888889,0.0,0.6,0.0
145.0,-93.0,-91.45,-81.55555555555557,-94.0,-94.0,-90.4,-84.82222222222224,0.0,0.6,0.0
150.0,-94.0,-90.98333333333333,-80.56666666666666,-94.0,-94.0,-89.8,-84.18333333333334,0.0,0.6,0.0
155.0,-94.0,-90.43333333333334,-78.93333333333334,-94.0,-94.0,-89.2,-82.56666666666666,0.0,0.6,0.0
160.0,-94.0,-90.5,-80.25,-94.0,-94.0,-89.5,-83.0,0.0,0.6,0.0
165.0,-94.0,-90.5,-80.25,-94.0,-94.0,-89.5,-83.0,0.0,0.6,0.0
170.0,-94.0,-90.5,-80.25,-94.0,-94.0,-89.5,-83.0,0.0,0.6,0.0
175.0,-94.0,-90.5,-80.25,-94.0,-94.0,-89.5,-83.0,0.0,0.6,0.0
180.0,-94.0,-90.5,-80.25,-94.0,-94.0,-89.5,-83.0,0.0,0.6,0.0
185.0,-94.0,-90.5,-80.25,-94.0,-94.0,-89.5,-83.0,0.0,0.6,0.0
190.0,-94.0,-90.5,-80.25,-94.0,-94.0,-89.5,-83.0,0.0,0.6,0.0
195.0,-94.0,-90.5,-80.25,-94.0,-94.0,-89.5,-83.0,0.0,0.6,0.0
200.0,-94.0,-90.5,-80.25,-94.0,-94.0,-89.5,-83.0,0.0,0.6,0.0
205.0,-94.0,-90.5,-80.25,-94.0,-94.0,-89.5,-83.0,0.0,0.6,0.0
210.0,-94.0,-90.5,-80.25,-94.0,-94.0,-89.5,-83.0,0.0,0.6,0.0
215.0,-94.0,-90.5,-80.25,-94.0,-94.0,-89.5,-83.0,0.0,0.6,0.0
220.0,-94.0,-90.5,-80.25,-94.0,-94.0,-89.5,-83.0,0.0,0.6,0.0
225.0,-94.0,-90.5,-80.25,-94.0,-94.0,-89.5,-83.0,0.0,0.6,0.0
230.0,-94.0,-90.5,-80.25,-94.0,-94.0,-89.5,-83.0,0.0,0.6,0.0
235.0,-94.0,-90.5,-80.25,-94.0,-94.0,-89.5,-83.0,0.0,0.6,0.0
240.0,-94.0,-90.73333333333333,-81.16666666666667,-94.0,-94.0,-89.8,-83.73333333333333,0.0,0.6,0.0
245.0,-92.93333333333334,-91.2,-81.85555555555555,-94.0,-94.0,-90.4,-84.15,0.0,0.6,0.0
250.0,-90.83333333333333,-91.66666666666667,-81.54444444444444,-94.0,-94.0,-91.0,-83.86666666666666,0.0,0.6,0.0
255.0,-87.73333333333333,-92.36666666666666,-81.29444444444444,-94.0,-94.0,-91.9,-83.96666666666667,0.0,0.6,0.0
260.0,-85.66666666666667,-92.83333333333333,-81.12777777777777,-94.0,-94.0,-92.5,-84.03333333333333,0.0,0.6,0.0
265.0,-82.56666666666666,-93.53333333333333,-80.87777777777777,-94.0,-94.0,-93.4,-84.13333333333334,0.0,0.6,0.0
270.0,-80.5,-93.76666666666667,-79.79444444444444,-94.0,-94.0,-93.7,-83.46666666666667,0.0,0.6,0.0
275.0,-78.46666666666667,-94.0,-78.85555555555555,-94.0,-94.0,-94.0,-83.15,0.0,0.6,0.0
280.0,-78.5,-94.0,-79.0,-94.0,-94.0,-94.0,-83.5,0.0,0.6,0.0
285.0,-78.5,-94.0,-79.0,-94.0,-94.0,-94.0,-83.5,0.0,0.6,0.0
290.0,-78.5,-94.0,-79.0,-94.0,-94.0,-94.0,-83.5,0.0,0.6,0.0
295.0,-78.5,-94.0,-79.0,-94.0,-94.0,-94.0,-83.5,0.0,0.6,0.0
300.0,-78.5,-94.0,-79.0,-94.0,-94.0,-94.0,-83.5,0.0,0.6,0.0
305.0,-78.5,-94.0,-79.0,-94.0,-94.0,-94.0,-83.5,0.0,0.6,0.0
310.0,-78.5,-94.0,-79.0,-94.0,-94.0,-94.0,-83.5,0.0,0.6,0.0
315.0,-78.5,-94.0,-79.0,-94.0,-94.0,-94.0,-83.5,0.0,0.6,0.0
320.0,-78.5,-94.0,-79.0,-94.0,-94.0,-94.0,-83.5,0.0,0.6,0.0
325.0,-78.5,-94.0,-79.0,-94.0,-94.0,-94.0,-83.5,0.0,0.6,0.0
330.0,-78.5,-94.0,-79.0,-94.0,-94.0,-94.0,-83.5,0.0,0.6,0.0
335.0,-78.5,-94.0,-79.0,-94.0,-94.0,-94.0,-83.5,0.0,0.6,0.0
340.0,-78.5,-94.0,-79.0,-94.0,-94.0,-94.0,-83.5,0.0,0.6,0.0
345.0,-78.5,-94.0,-79.0,-94.0,-94.0,-94.0,-83.5,0.0,0.6,0.0
350.0,-78.5,-94.0,-79.0,-94.0,-94.0,-94.0,-83.5,0.0,0.6,0.0
355.0,-78.5,-94.0,-79.0,-94.0,-94.0,-94.0,-83.5,0.0,0.6,0.0
360.0,-79.53333333333333,-94.0,-80.0,-94.0,-94.0,-94.0,-84.2,0.0,0.6,0.0
365.0,-81.6,-94.0,-80.26666666666667,-94.0,-94.0,-94.0,-83.78666666666668,0.0,0.6,0.0
370.0,-83.66666666666667,-94.0,-82.26666666666667,-94.0,-94.0,-94.0,-85.18666666666667,0.0,0.6,0.0
375.0,-84.36666666666666,-94.0,-81.6,-94.0,-94.0,-94.0,-83.89666666666666,0.0,0.6,0.0
380.0,-84.83333333333333,-94.0,-81.73333333333333,-94.0,-94.0,-94.0,-83.6411111111111,0.0,0.6,0.0
385.0,-85.53333333333333,-94.0,-81.93333333333334,-94.0,-94.0,-94.0,-83.25777777777778,0.0,0.6,0.0
390.0,-84.96666666666667,-94.0,-81.06666666666666,-94.0,-94.0,-94.0,-82.30222222222223,0.0,0.6,0.0
395.0,-83.6,-94.0,-81.0,-94.0,-94.0,-94.0,-82.33222222222221,0.0,0.6,0.0
400.0,-82.0,-94.0,-79.13333333333334,-94.0,-94.0,-94.0,-80.67666666666666,0.0,0.6,0.0
405.0,-82.0,-94.0,-80.0,-94.0,-94.0,-94.0,-81.58333333333331,0.0,0.6,0.0
410.0,-82.0,-94.0,-80.0,-94.0,-94.0,-94.0,-81.58333333333333,0.0,0.6,0.0
415.0,-82.0,-94.0,-80.0,-94.0,-94.0,-94.0,-81.58333333333331,0.0,0.6,0.0
420.0,-82.0,-94.0,-80.0,-94.0,-94.0,-94.0,-81.58333333333333,0.0,0.6,0.0
425.0,-82.0,-94.0,-80.0,-94.0,-94.0,-94.0,-81.58333333333331,0.0,0.6,0.0
430.0,-82.0,-94.0,-80.0,-94.0,-94.0,-94.0,-81.58333333333333,0.0,0.6,0.0
435.0,-82.0,-94.0,-80.0,-94.0,-94.0,-94.0,-81.58333333333331,0.0,0.6,0.0
440.0,-82.0,-94.0,-80.0,-94.0,-94.0,-94.0,-81.58333333333333,0.0,0.6,0.0
445.0,-82.0,-94.0,-80.0,-94.0,-94.0,-94.0,-81.58333333333331,0.0,0.6,0.0
450.0,-82.0,-94.0,-80.0,-94.0,-94.0,-94.0,-81.58333333333333,0.0,0.6,0.0
455.0,-82.0,-94.0,-80.0,-94.0,-94.0,-94.0,-81.58333333333331,0.0,0.6,0.0
460.0,-82.0,-94.0,-80.0,-94.0,-94.0,-94.0,-81.58333333333333,0.0,0.6,0.0
465.0,-82.0,-94.0,-80.0,-94.0,-94.0,-94.0,-81.58333333333331,0.0,0.6,0.0
470.0,-82.0,-94.0,-80.0,-94.0,-94.0,-94.0,-81.58333333333333,0.0,0.6,0.0
475.0,-82.0,-94.0,-80.0,-94.0,-94.0,-94.0,-81.58333333333331,0.0,0.6,0.0
480.0,-82.0,-94.0,-80.0,-94.0,-94.0,-94.0,-81.58333333333333,0.0,0.6,0.0
485.0,-83.6,-94.0,-81.86666666666666,-94.0,-94.0,-94.0,-83.23888888888888,0.0,0.6,0.0
490.0,-85.2,-94.0,-82.3,-94.0,-92.86666666666666,-94.0,-83.63730158730161,0.0,0.6,0.0
495.0,-87.6,-94.0,-82.48333333333333,-94.0,-92.3,-94.0,-83.77539682539684,0.0,0.6,0.0
500.0,-89.2,-94.0,-82.45,-94.0,-92.3,-94.0,-83.71428571428572,0.0,0.6,0.0
505.0,-91.6,-94.0,-82.4,-94.0,-92.3,-94.0,-83.62261904761905,0.0,0.6,0.0
510.0,-93.2,-94.0,-82.36666666666666,-94.0,-92.3,-94.0,-83.56150793650794,0.0,0.6,0.0
515.0,-94.0,-94.0,-80.45,-94.0,-92.3,-94.0,-81.81428571428572,0.0,0.6,0.0
520.0,-94.0,-94.0,-79.98333333333333,-94.0,-93.43333333333334,-94.0,-81.3547619047619,0.0,0.6,0.0
525.0,-94.0,-94.0,-79.75,-94.0,-94.0,-94.0,-81.125,0.0,0.6,0.0
530.0,-94.0,-94.0,-79.75,-94.0,-94.0,-94.0,-81.125,0.0,0.6,0.0
535.0,-94.0,-94.0,-79.75,-94.0,-94.0,-94.0,-81.125,0.0,0.6,0.0
540.0,-94.0,-94.0,-79.75,-94.0,-94.0,-94.0,-81.125,0.0,0.6,0.0
545.0,-94.0,-94.0,-79.75,-94.0,-94.0,-94.0,-81.125,0.0,0.6,0.0
550.0,-94.0,-94.0,-79.75,-94.0,-94.0,-94.0,-81.125,0.0,0.6,0.0
555.0,-94.0,-94.0,-79.75,-94.0,-94.0,-94.0,-81.125,0.0,0.6,0.0
560.0,-94.0,-94.0,-79.75,-94.0,-94.0,-94.0,-81.125,0.0,0.6,0.0
565.0,-94.0,-94.0,-79.75,-94.0,-94.0,-94.0,-81.125,0.0,0.6,0.0
570.0,-94.0,-94.0,-79.75,-94.0,-94.0,-94.0,-81.125,0.0,0.6,0.0
575.0,-94.0,-94.0,-79.75,-94.0,-94.0,-94.0,-81.125,0.0,0.6,0.0
580.0,-94.0,-94.0,-79.75,-94.0,-94.0,-94.0,-81.125,0.0,0.6,0.0
585.0,-94.0,-94.0,-79.75,-94.0,-94.0,-94.0,-81.125,0.0,0.6,0.0
590.0,-94.0,-94.0,-79.75,-94.0,-94.0,-94.0,-81.125,0.0,0.6,0.0
595.0,-94.0,-94.0,-79.75,-94.0,-94.0,-94.0,-81.125,0.0,0.6,0.0
600.0,-94.0,-94.0,-79.75,-94.0,-94.0,-94.0,-81.125,0.0,0.6,0.0
605.0,-94.0,-94.0,-80.7,-94.0,-94.0,-94.0,-81.98333333333333,0.0,0.6,0.0
610.0,-94.0,-94.0,-81.74444444444445,-94.0,-94.0,-94.0,-82.93333333333334,0.0,0.6,0.0
615.0,-92.13333333333334,-93.73333333333333,-81.98333333333332,-94.0,-94.0,-94.0,-83.24833333333332,0.0,0.6,0.0
620.0,-90.26666666666667,-93.46666666666667,-82.12777777777777,-94.0,-94.0,-94.0,-83.47166666666665,0.0,0.6,0.0
625.0,-87.46666666666667,-93.06666666666666,-82.34444444444443,-94.0,-94.0,-94.0,-83.80666666666666,0.0,0.6,0.0
630.0,-85.6,-92.8,-82.48888888888888,-94.0,-94.0,-94.0,-84.03,0.0,0.6,0.0
635.0,-82.8,-92.4,-81.75555555555555,-94.0,-94.0,-94.0,-83.50666666666666,0.0,0.6,0.0
640.0,-80.93333333333334,-92.13333333333334,-80.85555555555555,-94.0,-94.0,-94.0,-82.77999999999999,0.0,0.6,0.0
645.0,-80.0,-92.0,-80.83333333333331,-94.0,-94.0,-94.0,-82.79999999999998,0.0,0.6,0.0
650.0,-80.0,-92.0,-80.83333333333333,-94.0,-94.0,-94.0,-82.79999999999998,0.0,0.6,0.0
655.0,-80.0,-92.0,-80.83333333333331,-94.0,-94.0,-94.0,-82.79999999999998,0.0,0.6,0.0
660.0,-80.0,-92.0,-80.83333333333333,-94.0,-94.0,-94.0,-82.79999999999998,0.0,0.6,0.0
665.0,-80.0,-92.0,-80.83333333333331,-94.0,-94.0,-94.0,-82.79999999999998,0.0,0.6,0.0
670.0,-80.0,-92.0,-80.83333333333333,-94.0,-94.0,-94.0,-82.79999999999998,0.0,0.6,0.0
675.0,-80.0,-92.0,-80.83333333333331,-94.0,-94.0,-94.0,-82.79999999999998,0.0,0.6,0.0
680.0,-80.0,-92.0,-80.83333333333333,-94.0,-94.0,-94.0,-82.79999999999998,0.0,0.6,0.0
685.0,-80.0,-92.0,-80.83333333333331,-94.0,-94.0,-94.0,-82.79999999999998,0.0,0.6,0.0
690.0,-80.0,-92.0,-80.83333333333333,-94.0,-94.0,-94.0,-82.79999999999998,0.0,0.6,0.0
695.0,-80.0,-92.0,-80.83333333333331,-94.0,-94.0,-94.0,-82.79999999999998,0.0,0.6,0.0
700.0,-80.0,-92.0,-80.83333333333333,-94.0,-94.0,-94.0,-82.79999999999998,0.0,0.6,0.0
705.0,-80.0,-92.0,-80.83333333333331,-94.0,-94.0,-94.0,-82.79999999999998,0.0,0.6,0.0
710.0,-80.0,-92.0,-80.83333333333333,-94.0,-94.0,-94.0,-82.79999999999998,0.0,0.6,0.0
715.0,-80.0,-92.0,-80.83333333333331,-94.0,-94.0,-94.0,-82.79999999999998,0.0,0.6,0.0
720.0,-80.0,-92.0,-80.83333333333333,-94.0,-94.0,-94.0,-82.79999999999998,0.0,0.6,0.0
725.0,-80.93333333333334,-92.13333333333334,-81.7111111111111,-94.0,-94.0,-94.0,-83.54666666666665,0.0,0.6,0.0
730.0,-81.86666666666666,-92.26666666666667,-81.88888888888889,-94.0,-94.0,-94.0,-83.62666666666665,0.0,0.6,0.0
735.0,-82.66666666666667,-92.66666666666667,-82.7,-94.0,-94.0,-94.0,-84.32000000000001,0.0,0.6,0.0
740.0,-82.53333333333333,-92.93333333333334,-82.63333333333331,-94.0,-94.0,-94.0,-84.26666666666668,0.0,0.6,0.0
745.0,-82.33333333333333,-93.33333333333333,-82.53333333333332,-94.0,-94.0,-94.0,-84.18666666666668,0.0,0.6,0.0
750.0,-82.2,-93.6,-82.46666666666665,-94.0,-94.0,-94.0,-84.13333333333335,0.0,0.6,0.0
755.0,-81.06666666666666,-93.86666666666666,-81.48888888888888,-94.0,-94.0,-94.0,-83.30666666666669,0.0,0.6,0.0
760.0,-80.0,-94.0,-81.24444444444444,-94.0,-94.0,-94.0,-83.17333333333335,0.0,0.6,0.0
765.0,-79.0,-94.0,-80.33333333333331,-94.0,-94.0,-94.0,-82.40000000000002,0.0,0.6,0.0
770.0,-79.0,-94.0,-80.33333333333333,-94.0,-94.0,-94.0,-82.40000000000002,0.0,0.6,0.0
775.0,-79.0,-94.0,-80.33333333333331,-94.0,-94.0,-94.0,-82.40000000000002,0.0,0.6,0.0
780.0,-79.0,-94.0,-80.33333333333333,-94.0,-94.0,-94.0,-82.40000000000002,0.0,0.6,0.0
785.0,-79.0,-94.0,-80.33333333333331,-94.0,-94.0,-94.0,-82.40000000000002,0.0,0.6,0.0
790.0,-79.0,-94.0,-80.33333333333333,-94.0,-94.0,-94.0,-82.40000000000002,0.0,0.6,0.0
795.0,-79.0,-94.0,-80.33333333333331,-94.0,-94.0,-94.0,-82.40000000000002,0.0,0.6,0.0
800.0,-79.0,-94.0,-80.33333333333333,-94.0,-94.0,-94.0,-82.40000000000002,0.0,0.6,0.0
805.0,-79.0,-94.0,-80.33333333333331,-94.0,-94.0,-94.0,-82.40000000000002,0.0,0.6,0.0
810.0,-79.0,-94.0,-80.33333333333333,-94.0,-94.0,-94.0,-82.40000000000002,0.0,0.6,0.0
815.0,-79.0,-94.0,-80.33333333333331,-94.0,-94.0,-94.0,-82.40000000000002,0.0,0.6,0.0
820.0,-79.0,-94.0,-80.33333333333333,-94.0,-94.0,-94.0,-82.40000000000002,0.0,0.6,0.0
825.0,-79.0,-94.0,-80.33333333333331,-94.0,-94.0,-94.0,-82.40000000000002,0.0,0.6,0.0
830.0,-79.0,-94.0,-80.33333333333333,-94.0,-94.0,-94.0,-82.40000000000002,0.0,0.6,0.0
835.0,-79.0,-94.0,-80.33333333333331,-94.0,-94.0,-94.0,-82.40000000000002,0.0,0.6,0.0
840.0,-79.0,-94.0,-80.33333333333333,-94.0,-94.0,-94.0,-82.40000000000002,0.0,0.6,0.0
845.0,-80.0,-94.0,-81.24444444444444,-94.0,-94.0,-94.0,-83.17333333333335,0.0,0.6,0.0
850.0,-80.0,-93.93333333333334,-80.26944444444443,-94.0,-94.0,-94.0,-82.31222222222223,0.0,0.6,0.0
855.0,-83.0,-93.93333333333334,-83.00277777777778,-94.0,-94.0,-94.0,-84.63222222222223,0.0,0.6,0.0
860.0,-85.0,-93.93333333333334,-81.9,-94.0,-94.0,-94.0,-83.93888888888888,0.0,0.6,0.0
865.0,-88.0,-93.93333333333334,-81.70833333333333,-94.0,-94.0,-94.0,-84.01888888888888,0.0,0.6,0.0
870.0,-90.0,-93.93333333333334,-81.58055555555556,-94.0,-94.0,-94.0,-84.07222222222222,0.0,0.6,0.0
875.0,-92.0,-93.93333333333334,-80.47777777777779,-94.0,-94.0,-94.0,-83.37888888888888,0.0,0.6,0.0
880.0,-94.0,-94.0,-81.325,-94.0,-94.0,-94.0,-84.29333333333332,0.0,0.6,0.0
885.0,-94.0,-94.0,-78.4,-94.0,-94.0,-94.0,-82.05333333333331,0.0,0.6,0.0
890.0,-94.0,-94.0,-79.375,-94.0,-94.0,-94.0,-82.79999999999998,0.0,0.6,0.0
895.0,-94.0,-94.0,-79.375,-94.0,-94.0,-94.0,-82.79999999999998,0.0,0.6,0.0
900.0,-94.0,-94.0,-79.375,-94.0,-94.0,-94.0,-82.79999999999998,0.0,0.6,0.0
905.0,-94.0,-94.0,-79.375,-94.0,-94.0,-94.0,-82.79999999999998,0.0,0.6,0.0
910.0,-94.0,-94.0,-79.375,-94.0,-94.0,-94.0,-82.79999999999998,0.0,0.6,0.0
915.0,-94.0,-94.0,-79.375,-94.0,-94.0,-94.0,-82.79999999999998,0.0,0.6,0.0
920.0,-94.0,-94.0,-79.375,-94.0,-94.0,-94.0,-82.79999999999998,0.0,0.6,0.0
925.0,-94.0,-94.0,-79.375,-94.0,-94.0,-94.0,-82.79999999999998,0.0,0.6,0.0
930.0,-94.0,-94.0,-79.375,-94.0,-94.0,-94.0,-82.79999999999998,0.0,0.6,0.0
935.0,-94.0,-94.0,-79.375,-94.0,-94.0,-94.0,-82.79999999999998,0.0,0.6,0.0
940.0,-94.0,-94.0,-79.375,-94.0,-94.0,-94.0,-82.79999999999998,0.0,0.6,0.0
945.0,-94.0,-94.0,-79.375,-94.0,-94.0,-94.0,-82.79999999999998,0.0,0.6,0.0
950.0,-94.0,-94.0,-79.375,-94.0,-94.0,-94.0,-82.79999999999998,0.0,0.6,0.0
955.0,-94.0,-94.0,-79.375,-94.0,-94.0,-94.0,-82.79999999999998,0.0,0.6,0.0
960.0,-94.0,-94.0,-79.375,-94.0,-94.0,-94.0,-82.79999999999998,0.0,0.6,0.0
965.0,-94.0,-94.0,-79.375,-94.0,-94.0,-94.0,-82.79999999999998,0.0,0.6,0.0
970.0,-94.0,-94.0,-80.35,-94.0,-94.0,-94.0,-83.54666666666665,0.0,0.6,0.0
975.0,-94.0,-94.0,-81.48666666666666,-94.0,-94.0,-94.0,-84.39555555555555,0.0,0.6,0.0
980.0,-92.33333333333333,-94.0,-82.10333333333332,-94.0,-93.8,-94.0,-84.53333333333333,0.0,0.6,0.0
985.0,-89.83333333333333,-94.0,-83.02833333333334,-94.0,-93.5,-94.0,-84.73999999999998,0.0,0.6,0.0
990.0,-88.16666666666667,-94.0,-83.645,-94.0,-93.3,-94.0,-84.87777777777777,0.0,0.6,0.0
995.0,-85.66666666666667,-94.0,-84.57,-94.0,-93.0,-94.0,-85.08444444444444,0.0,0.6,0.0
1000.0,-84.0,-94.0,-84.21166666666666,-94.0,-92.8,-94.0,-84.47555555555554,0.0,0.6,0.0
1005.0,-81.5,-94.0,-84.0,-94.0,-92.5,-94.0,-83.83333333333331,0.0,0.6,0.0
1010.0,-81.5,-94.0,-84.0,-94.0,-92.5,-94.0,-83.83333333333331,0.0,0.6,0.0
1015.0,-81.5,-94.0,-84.0,-94.0,-92.5,-94.0,-83.83333333333331,0.0,0.6,0.0
1020.0,-81.5,-94.0,-84.0,-94.0,-92.5,-94.0,-83.83333333333331,0.0,0.6,0.0
1025.0,-81.5,-94.0,-84.0,-94.0,-92.5,-94.0,-83.83333333333331,0.0,0.6,0.0
1030.0,-81.5,-94.0,-84.0,-94.0,-92.5,-94.0,-83.83333333333331,0.0,0.6,0.0
1035.0,-81.5,-94.0,-84.0,-94.0,-92.5,-94.0,-83.83333333333331,0.0,0.6,0.0
1040.0,-81.5,-94.0,-84.0,-94.0,-92.5,-94.0,-83.83333333333331,0.0,0.6,0.0
1045.0,-81.5,-94.0,-84.0,-94.0,-92.5,-94.0,-83.83333333333331,0.0,0.6,0.0
1050.0,-81.5,-94.0,-84.0,-94.0,-92.5,-94.0,-83.83333333333331,0.0,0.6,0.0
1055.0,-81.5,-94.0,-84.0,-94.0,-92.5,-94.0,-83.83333333333331,0.0,0.6,0.0
1060.0,-81.5,-94.0,-84.0,-94.0,-92.5,-94.0,-83.83333333333331,0.0,0.6,0.0
1065.0,-81.5,-94.0,-84.0,-94.0,-92.5,-94.0,-83.83333333333331,0.0,0.6,0.0
1070.0,-81.5,-94.0,-84.0,-94.0,-92.5,-94.0,-83.83333333333331,0.0,0.6,0.0
1075.0,-81.5,-94.0,-84.0,-94.0,-92.5,-94.0,-83.83333333333331,0.0,0.6,0.0
1080.0,-81.5,-94.0,-84.0,-94.0,-92.5,-94.0,-83.83333333333331,0.0,0.6,0.0
1085.0,-81.5,-94.0,-84.0,-94.0,-92.5,-94.0,-83.83333333333331,0.0,0.6,0.0
1090.0,-82.33333333333333,-94.0,-84.66666666666667,-94.0,-92.6,-94.0,-84.5111111111111,0.0,0.6,0.0
1095.0,-82.26666666666667,-94.0,-84.34166666666667,-94.0,-92.7,-94.0,-84.34444444444443,0.0,0.6,0.0
1100.0,-83.93333333333334,-94.0,-84.84833333333333,-94.0,-92.9,-93.93333333333334,-85.08095238095238,0.0,0.6,0.0
1105.0,-86.43333333333334,-94.0,-84.36833333333331,-94.0,-93.2,-93.73333333333333,-85.25714285714288,0.0,0.6,0.0
1110.0,-88.1,-94.0,-84.04833333333333,-94.0,-93.4,-93.6,-85.3746031746032,0.0,0.6,0.0
1115.0,-90.6,-94.0,-83.56833333333331,-94.0,-93.7,-93.4,-85.55079365079366,0.0,0.6,0.0
1120.0,-91.43333333333334,-94.0,-82.58166666666665,-94.0,-93.8,-93.26666666666667,-84.9904761904762,0.0,0.6,0.0
1125.0,-94.0,-94.0,-82.42666666666665,-94.0,-94.0,-93.06666666666666,-85.33333333333334,0.0,0.6,0.0
1130.0,-94.0,-94.0,-81.6,-94.0,-94.0,-93.0,-84.71428571428572,0.0,0.6,0.0
1135.0,-94.0,-94.0,-81.59999999999998,-94.0,-94.0,-93.0,-84.71428571428572,0.0,0.6,0.0
30.0,-76.5,-94.0,-83.33333333333331,-87.5,-90.5,-89.0,-81.75,0.0,9.0,2.0
35.0,-76.5,-94.0,-83.33333333333331,-87.5,-90.5,-89.0,-81.75,0.0,9.0,2.0
40.0,-76.5,-94.0,-83.33333333333331,-87.5,-90.5,-89.0,-81.75,0.0,9.0,2.0
45.0,-76.5,-94.0,-83.33333333333331,-87.5,-90.5,-89.0,-81.75,0.0,9.0,2.0
50.0,-76.5,-94.0,-83.33333333333331,-87.5,-90.5,-89.0,-81.75,0.0,9.0,2.0
55.0,-77.66666666666667,-94.0,-84.04444444444444,-87.93333333333334,-90.73333333333333,-89.33333333333333,-82.56666666666666,0.0,9.0,2.0
60.0,-78.9,-93.83333333333333,-84.625,-88.46666666666667,-91.2,-89.76666666666667,-83.53888888888888,0.0,9.0,2.0
65.0,-79.06666666666666,-93.4,-84.43055555555557,-88.73333333333333,-91.66666666666667,-90.0,-83.86666666666666,0.0,9.0,2.0
70.0,-78.3,-92.46666666666667,-83.28055555555557,-88.9,-92.36666666666666,-90.2,-83.54777777777778,0.0,9.0,2.0
75.0,-78.5,-92.06666666666666,-82.96944444444445,-89.16666666666667,-92.83333333333333,-90.46666666666667,-83.70111111111113,0.0,9.0,2.0
80.0,-78.8,-91.46666666666667,-82.50277777777778,-89.56666666666666,-93.53333333333333,-90.86666666666666,-83.93111111111115,0.0,9.0,2.0
85.0,-77.83333333333333,-91.06666666666666,-81.48055555555557,-89.4,-93.76666666666667,-90.8,-83.2677777777778,0.0,9.0,2.0
90.0,-76.9,-90.63333333333334,-80.43333333333334,-89.26666666666667,-94.0,-90.76666666666667,-82.52555555555558,0.0,9.0,2.0
95.0,-76.93333333333334,-90.66666666666667,-80.31666666666666,-89.26666666666667,-94.0,-90.8,-82.35111111111112,0.0,9.0,2.0
100.0,-78.0,-91.0,-81.0,-89.5,-94.0,-91.0,-82.90000000000002,0.0,9.0,2.0
105.0,-78.0,-91.0,-81.0,-89.5,-94.0,-91.0,-82.90000000000002,0.0,9.0,2.0
110.0,-78.0,-91.0,-81.0,-89.5,-94.0,-91.0,-82.90000000000002,0.0,9.0,2.0
115.0,-78.0,-91.0,-81.0,-89.5,-94.0,-91.0,-82.90000000000002,0.0,9.0,2.0
120.0,-78.0,-91.0,-81.0,-89.5,-94.0,-91.0,-82.90000000000002,0.0,9.0,2.0
125.0,-78.0,-91.0,-81.0,-89.5,-94.0,-91.0,-82.90000000000002,0.0,9.0,2.0
130.0,-78.0,-91.0,-81.0,-89.5,-94.0,-91.0,-82.90000000000002,0.0,9.0,2.0
135.0,-78.0,-91.0,-81.0,-89.5,-94.0,-91.0,-82.90000000000002,0.0,9.0,2.0
140.0,-78.0,-91.0,-81.0,-89.5,-94.0,-91.0,-82.90000000000002,0.0,9.0,2.0
145.0,-78.0,-91.0,-81.0,-89.5,-94.0,-91.0,-82.90000000000002,0.0,9.0,2.0
150.0,-78.0,-91.0,-81.0,-89.5,-94.0,-91.0,-82.90000000000002,0.0,9.0,2.0
155.0,-78.0,-91.0,-81.0,-89.5,-94.0,-91.0,-82.90000000000002,0.0,9.0,2.0
160.0,-78.0,-91.0,-81.0,-89.5,-94.0,-91.0,-82.90000000000002,0.0,9.0,2.0
165.0,-78.0,-91.0,-81.0,-89.5,-94.0,-91.0,-82.90000000000002,0.0,9.0,2.0
170.0,-78.0,-91.0,-81.0,-89.5,-94.0,-91.0,-82.90000000000002,0.0,9.0,2.0
175.0,-79.06666666666666,-91.2,-81.86666666666666,-89.8,-94.0,-91.2,-83.64000000000001,0.0,9.0,2.0
180.0,-79.13333333333334,-91.11666666666666,-82.06111111111112,-89.8,-94.0,-91.03333333333333,-83.59111111111113,0.0,9.0,2.0
185.0,-79.26666666666667,-90.96666666666667,-82.34222222222222,-89.76666666666667,-94.0,-90.83333333333333,-83.57666666666667,0.0,9.0,2.0
190.0,-80.46666666666667,-91.03333333333333,-83.38222222222221,-90.0,-94.0,-90.96666666666667,-84.38555555555557,0.0,9.0,2.0
195.0,-79.8,-90.53333333333333,-83.18222222222221,-89.6,-94.0,-90.56666666666666,-83.34055555555555,0.0,9.0,2.0
200.0,-80.2,-90.23333333333333,-83.84888888888888,-89.5,-94.0,-90.36666666666666,-83.03555555555555,0.0,9.0,2.0
205.0,-79.4,-89.83333333333333,-83.42666666666666,-89.13333333333334,-94.0,-90.03333333333333,-82.09222222222222,0.0,9.0,2.0
210.0,-79.73333333333333,-89.61666666666666,-83.89888888888888,-89.03333333333333,-94.0,-90.0,-81.8361111111111,0.0,9.0,2.0
215.0,-79.86666666666666,-89.56666666666666,-84.06222222222222,-89.0,-94.0,-90.06666666666666,-81.64722222222221,0.0,9.0,2.0
220.0,-79.06666666666666,-89.2,-83.68888888888888,-88.66666666666667,-94.0,-89.73333333333333,-80.53333333333333,0.0,9.0,2.0
225.0,-80.0,-89.5,-84.33333333333331,-89.0,-94.0,-90.0,-81.375,0.0,9.0,2.0
230.0,-80.0,-89.5,-84.33333333333331,-89.0,-94.0,-90.0,-81.375,0.0,9.0,2.0
235.0,-80.0,-89.5,-84.33333333333331,-89.0,-94.0,-90.0,-81.375,0.0,9.0,2.0
240.0,-80.0,-89.5,-84.33333333333331,-89.0,-94.0,-90.0,-81.375,0.0,9.0,2.0
245.0,-80.0,-89.5,-84.33333333333331,-89.0,-94.0,-90.0,-81.375,0.0,9.0,2.0
250.0,-80.0,-89.5,-84.33333333333331,-89.0,-94.0,-90.0,-81.375,0.0,9.0,2.0
255.0,-80.0,-89.5,-84.33333333333331,-89.0,-94.0,-90.0,-81.375,0.0,9.0,2.0
260.0,-80.0,-89.5,-84.33333333333331,-89.0,-94.0,-90.0,-81.375,0.0,9.0,2.0
265.0,-80.0,-89.5,-84.33333333333331,-89.0,-94.0,-90.0,-81.375,0.0,9.0,2.0
270.0,-80.0,-89.5,-84.33333333333331,-89.0,-94.0,-90.0,-81.375,0.0,9.0,2.0
275.0,-80.0,-89.5,-84.33333333333331,-89.0,-94.0,-90.0,-81.375,0.0,9.0,2.0
280.0,-80.0,-89.5,-84.33333333333331,-89.0,-94.0,-90.0,-81.375,0.0,9.0,2.0
285.0,-80.0,-89.5,-84.33333333333331,-89.0,-94.0,-90.0,-81.375,0.0,9.0,2.0
290.0,-80.0,-89.5,-84.33333333333331,-89.0,-94.0,-90.0,-81.375,0.0,9.0,2.0
295.0,-80.0,-89.5,-84.33333333333331,-89.0,-94.0,-90.0,-81.375,0.0,9.0,2.0
300.0,-80.93333333333334,-89.8,-84.97777777777777,-89.33333333333333,-94.0,-90.26666666666667,-82.21666666666667,0.0,9.0,2.0
305.0,-81.8,-90.1,-85.61904761904762,-89.66666666666667,-93.8,-90.53333333333333,-83.15333333333334,0.0,9.0,2.0
310.0,-81.6,-90.23333333333333,-85.52698412698413,-89.8,-93.0,-90.6,-83.68722222222223,0.0,9.0,2.0
315.0,-80.53333333333333,-90.13333333333334,-84.70031746031745,-89.53333333333333,-92.7,-90.43333333333334,-83.64166666666668,0.0,9.0,2.0
320.0,-82.36666666666666,-90.8,-85.92031746031745,-90.2,-92.7,-91.0,-85.61333333333333,0.0,9.0,2.0
325.0,-81.33333333333333,-90.7,-85.06920634920634,-89.86666666666666,-92.7,-90.83333333333333,-85.63666666666668,0.0,9.0,2.0
330.0,-81.26666666666667,-90.83333333333333,-84.93142857142855,-89.86666666666666,-92.7,-90.9,-86.21333333333334,0.0,9.0,2.0
335.0,-79.36666666666666,-90.43333333333334,-83.43904761904761,-89.2,-92.9,-90.46666666666667,-85.3,0.0,9.0,2.0
340.0,-80.43333333333334,-90.73333333333333,-84.03777777777778,-89.4,-93.7,-90.73333333333333,-86.18444444444444,0.0,9.0,2.0
345.0,-80.46666666666667,-90.73333333333333,-84.01333333333332,-89.33333333333333,-94.0,-90.73333333333333,-86.25333333333334,0.0,9.0,2.0
350.0,-79.5,-90.5,-83.29999999999998,-89.0,-94.0,-90.5,-85.70000000000002,0.0,9.0,2.0
355.0,-79.5,-90.5,-83.29999999999998,-89.0,-94.0,-90.5,-85.70000000000002,0.0,9.0,2.0
360.0,-79.5,-90.5,-83.29999999999998,-89.0,-94.0,-90.5,-85.70000000000002,0.0,9.0,2.0
365.0,-79.5,-90.5,-83.29999999999998,-89.0,-94.0,-90.5,-85.70000000000002,0.0,9.0,2.0
370.0,-79.5,-90.5,-83.29999999999998,-89.0,-94.0,-90.5,-85.70000000000002,0.0,9.0,2.0
375.0,-79.5,-90.5,-83.29999999999998,-89.0,-94.0,-90.5,-85.70000000000002,0.0,9.0,2.0
380.0,-79.5,-90.5,-83.29999999999998,-89.0,-94.0,-90.5,-85.70000000000002,0.0,9.0,2.0
385.0,-79.5,-90.5,-83.29999999999998,-89.0,-94.0,-90.5,-85.70000000000002,0.0,9.0,2.0
390.0,-79.5,-90.5,-83.29999999999998,-89.0,-94.0,-90.5,-85.70000000000002,0.0,9.0,2.0
395.0,-79.5,-90.5,-83.29999999999998,-89.0,-94.0,-90.5,-85.70000000000002,0.0,9.0,2.0
400.0,-79.5,-90.5,-83.29999999999998,-89.0,-94.0,-90.5,-85.70000000000002,0.0,9.0,2.0
405.0,-79.5,-90.5,-83.29999999999998,-89.0,-94.0,-90.5,-85.70000000000002,0.0,9.0,2.0
410.0,-79.5,-90.5,-83.29999999999998,-89.0,-94.0,-90.5,-85.70000000000002,0.0,9.0,2.0
415.0,-79.5,-90.5,-83.29999999999998,-89.0,-94.0,-90.5,-85.70000000000002,0.0,9.0,2.0
420.0,-80.46666666666667,-90.73333333333333,-84.01333333333332,-89.33333333333333,-94.0,-90.73333333333333,-86.25333333333334,0.0,9.0,2.0
425.0,-81.36666666666666,-90.85,-84.70666666666666,-89.66666666666667,-94.0,-90.9,-86.66000000000001,0.0,9.0,2.0
430.0,-81.23333333333333,-90.63333333333334,-84.61999999999999,-89.7,-94.0,-90.76666666666667,-86.26,0.0,9.0,2.0
435.0,-80.06666666666666,-90.13333333333334,-83.8111111111111,-89.5,-94.0,-90.53333333333333,-84.92888888888892,0.0,9.0,2.0
440.0,-80.0,-90.06666666666666,-83.84888888888888,-89.56666666666666,-94.0,-90.66666666666667,-84.6577777777778,0.0,9.0,2.0
445.0,-79.9,-89.96666666666667,-83.90555555555554,-89.66666666666667,-94.0,-90.86666666666666,-84.25111111111113,0.0,9.0,2.0
450.0,-78.86666666666666,-89.66666666666667,-83.22999999999999,-89.4,-94.0,-90.76666666666667,-83.42666666666669,0.0,9.0,2.0
455.0,-77.86666666666666,-89.45,-82.59333333333332,-89.16666666666667,-94.0,-90.8,-82.61333333333333,0.0,9.0,2.0
460.0,-77.93333333333334,-89.6,-82.71777777777775,-89.2,-94.0,-91.06666666666666,-82.74222222222222,0.0,9.0,2.0
465.0,-79.0,-90.0,-83.58333333333331,-89.5,-94.0,-91.5,-83.66666666666669,0.0,9.0,2.0
470.0,-79.0,-90.0,-83.58333333333331,-89.5,-94.0,-91.5,-83.66666666666669,0.0,9.0,2.0
475.0,-79.0,-90.0,-83.58333333333331,-89.5,-94.0,-91.5,-83.66666666666669,0.0,9.0,2.0
480.0,-79.0,-90.0,-83.58333333333331,-89.5,-94.0,-91.5,-83.66666666666669,0.0,9.0,2.0
485.0,-79.0,-90.0,-83.58333333333331,-89.5,-94.0,-91.5,-83.66666666666669,0.0,9.0,2.0
490.0,-79.0,-90.0,-83.58333333333331,-89.5,-94.0,-91.5,-83.66666666666669,0.0,9.0,2.0
495.0,-79.0,-90.0,-83.58333333333331,-89.5,-94.0,-91.5,-83.66666666666669,0.0,9.0,2.0
500.0,-79.0,-90.0,-83.58333333333331,-89.5,-94.0,-91.5,-83.66666666666669,0.0,9.0,2.0
505.0,-79.0,-90.0,-83.58333333333331,-89.5,-94.0,-91.5,-83.66666666666669,0.0,9.0,2.0
510.0,-79.0,-90.0,-83.58333333333331,-89.5,-94.0,-91.5,-83.66666666666669,0.0,9.0,2.0
515.0,-79.0,-90.0,-83.58333333333331,-89.5,-94.0,-91.5,-83.66666666666669,0.0,9.0,2.0
520.0,-79.0,-90.0,-83.58333333333331,-89.5,-94.0,-91.5,-83.66666666666669,0.0,9.0,2.0
525.0,-79.0,-90.0,-83.58333333333331,-89.5,-94.0,-91.5,-83.66666666666669,0.0,9.0,2.0
530.0,-79.0,-90.0,-83.58333333333331,-89.5,-94.0,-91.5,-83.66666666666669,0.0,9.0,2.0
535.0,-79.0,-90.0,-83.58333333333331,-89.5,-94.0,-91.5,-83.66666666666669,0.0,9.0,2.0
540.0,-80.0,-90.26666666666667,-84.27777777777777,-89.8,-94.0,-91.66666666666667,-84.35555555555557,0.0,9.0,2.0
545.0,-81.0,-90.53333333333333,-84.97222222222221,-90.1,-94.0,-91.83333333333333,-85.04444444444445,0.0,9.0,2.0
550.0,-80.73333333333333,-91.06666666666666,-84.81444444444446,-90.1,-94.0,-92.16666666666667,-84.96888888888887,0.0,9.0,2.0
555.0,-80.43333333333334,-91.26666666666667,-84.27277777777778,-91.0,-94.0,-91.86666666666666,-84.89555555555555,0.0,9.0,2.0
560.0,-80.23333333333333,-91.4,-83.91166666666668,-91.6,-94.0,-91.66666666666667,-84.84666666666665,0.0,9.0,2.0
565.0,-79.93333333333334,-91.6,-83.37000000000002,-92.5,-94.0,-91.36666666666666,-84.77333333333331,0.0,9.0,2.0
570.0,-78.73333333333333,-91.46666666666667,-82.31444444444445,-92.8,-94.0,-91.0,-84.03555555555555,0.0,9.0,2.0
575.0,-77.43333333333334,-91.4,-81.07833333333333,-93.4,-94.0,-90.53333333333333,-83.27333333333333,0.0,9.0,2.0
580.0,-77.5,-91.0,-80.875,-94.0,-94.0,-90.0,-83.29999999999998,0.0,9.0,2.0
585.0,-77.5,-91.0,-80.875,-94.0,-94.0,-90.0,-83.29999999999998,0.0,9.0,2.0
590.0,-77.5,-91.0,-80.875,-94.0,-94.0,-90.0,-83.29999999999998,0.0,9.0,2.0
595.0,-77.5,-91.0,-80.875,-94.0,-94.0,-90.0,-83.29999999999998,0.0,9.0,2.0
600.0,-77.5,-91.0,-80.875,-94.0,-94.0,-90.0,-83.29999999999998,0.0,9.0,2.0
605.0,-77.5,-91.0,-80.875,-94.0,-94.0,-90.0,-83.29999999999998,0.0,9.0,2.0
610.0,-77.5,-91.0,-80.875,-94.0,-94.0,-90.0,-83.29999999999998,0.0,9.0,2.0
615.0,-77.5,-91.0,-80.875,-94.0,-94.0,-90.0,-83.29999999999998,0.0,9.0,2.0
620.0,-77.5,-91.0,-80.875,-94.0,-94.0,-90.0,-83.29999999999998,0.0,9.0,2.0
625.0,-77.5,-91.0,-80.875,-94.0,-94.0,-90.0,-83.29999999999998,0.0,9.0,2.0
630.0,-77.5,-91.0,-80.875,-94.0,-94.0,-90.0,-83.29999999999998,0.0,9.0,2.0
635.0,-77.5,-91.0,-80.875,-94.0,-94.0,-90.0,-83.29999999999998,0.0,9.0,2.0
640.0,-77.5,-91.0,-80.875,-94.0,-94.0,-90.0,-83.29999999999998,0.0,9.0,2.0
645.0,-77.5,-91.0,-80.875,-94.0,-94.0,-90.0,-83.29999999999998,0.0,9.0,2.0
650.0,-77.5,-91.0,-80.875,-94.0,-94.0,-90.0,-83.29999999999998,0.0,9.0,2.0
655.0,-77.5,-91.0,-80.875,-94.0,-94.0,-90.0,-83.29999999999998,0.0,9.0,2.0
660.0,-77.5,-91.0,-80.875,-94.0,-94.0,-90.0,-83.29999999999998,0.0,9.0,2.0
665.0,-79.7,-91.4,-82.625,-94.0,-94.0,-90.53333333333333,-84.72666666666666,0.0,9.0,2.0
670.0,-79.76666666666667,-91.4,-82.675,-94.0,-94.0,-90.66666666666667,-84.68666666666667,0.0,9.0,2.0
675.0,-79.8,-91.53333333333333,-83.02777777777777,-93.4,-94.0,-90.73333333333333,-84.68000000000002,0.0,9.0,2.0
680.0,-79.8,-91.66666666666667,-83.35555555555555,-92.8,-94.0,-90.73333333333333,-84.69333333333336,0.0,9.0,2.0
685.0,-79.8,-91.86666666666666,-83.84722222222221,-91.9,-94.0,-90.73333333333333,-84.71333333333335,0.0,9.0,2.0
690.0,-79.8,-92.0,-84.175,-91.3,-94.0,-90.73333333333333,-84.72666666666667,0.0,9.0,2.0
695.0,-77.6,-91.8,-82.91666666666666,-90.4,-94.0,-90.2,-83.32000000000001,0.0,9.0,2.0
700.0,-77.53333333333333,-91.93333333333334,-83.19444444444443,-89.8,-94.0,-90.06666666666666,-83.37333333333335,0.0,9.0,2.0
705.0,-77.5,-92.0,-83.33333333333331,-89.5,-94.0,-90.0,-83.40000000000002,0.0,9.0,2.0
710.0,-77.5,-92.0,-83.33333333333331,-89.5,-94.0,-90.0,-83.40000000000002,0.0,9.0,2.0
715.0,-77.5,-92.0,-83.33333333333331,-89.5,-94.0,-90.0,-83.40000000000002,0.0,9.0,2.0
720.0,-77.5,-92.0,-83.33333333333331,-89.5,-94.0,-90.0,-83.40000000000002,0.0,9.0,2.0
725.0,-77.5,-92.0,-83.33333333333331,-89.5,-94.0,-90.0,-83.40000000000002,0.0,9.0,2.0
730.0,-77.5,-92.0,-83.33333333333331,-89.5,-94.0,-90.0,-83.40000000000002,0.0,9.0,2.0
735.0,-77.5,-92.0,-83.33333333333331,-89.5,-94.0,-90.0,-83.40000000000002,0.0,9.0,2.0
740.0,-77.5,-92.0,-83.33333333333331,-89.5,-94.0,-90.0,-83.40000000000002,0.0,9.0,2.0
745.0,-77.5,-92.0,-83.33333333333331,-89.5,-94.0,-90.0,-83.40000000000002,0.0,9.0,2.0
750.0,-77.5,-92.0,-83.33333333333331,-89.5,-94.0,-90.0,-83.40000000000002,0.0,9.0,2.0
755.0,-77.5,-92.0,-83.33333333333331,-89.5,-94.0,-90.0,-83.40000000000002,0.0,9.0,2.0
760.0,-77.5,-92.0,-83.33333333333331,-89.5,-94.0,-90.0,-83.40000000000002,0.0,9.0,2.0
765.0,-77.5,-92.0,-83.33333333333331,-89.5,-94.0,-90.0,-83.40000000000002,0.0,9.0,2.0
770.0,-77.5,-92.0,-83.33333333333331,-89.5,-94.0,-90.0,-83.40000000000002,0.0,9.0,2.0
775.0,-77.5,-92.0,-83.33333333333331,-89.5,-94.0,-90.0,-83.40000000000002,0.0,9.0,2.0
780.0,-77.5,-92.0,-83.33333333333331,-89.5,-94.0,-90.0,-83.40000000000002,0.0,9.0,2.0
785.0,-78.6,-92.13333333333334,-84.04444444444444,-89.8,-94.0,-90.26666666666667,-84.10666666666667,0.0,9.0,2.0
790.0,-78.6,-91.76666666666667,-83.90666666666667,-90.4,-94.0,-90.26666666666667,-83.85333333333332,0.0,9.0,2.0
795.0,-80.8,-92.0,-85.29333333333334,-91.0,-93.63333333333334,-90.9,-85.24,0.0,9.0,2.0
800.0,-80.8,-91.93333333333334,-85.22222222222221,-91.0,-92.9,-91.1,-85.18666666666668,0.0,9.0,2.0
805.0,-80.8,-91.83333333333333,-85.11555555555555,-91.0,-91.8,-91.4,-85.10666666666665,0.0,9.0,2.0
810.0,-80.8,-91.76666666666667,-85.04444444444444,-91.0,-91.06666666666666,-91.6,-85.05333333333333,0.0,9.0,2.0
815.0,-79.7,-91.53333333333333,-84.22666666666666,-90.7,-89.96666666666667,-91.63333333333334,-84.26666666666667,0.0,9.0,2.0
820.0,-79.7,-91.83333333333333,-84.29333333333332,-90.1,-89.23333333333333,-91.83333333333333,-84.46666666666667,0.0,9.0,2.0
825.0,-77.5,-91.5,-82.79999999999998,-89.5,-88.5,-91.5,-83.0,0.0,9.0,2.0
830.0,-77.5,-91.5,-82.79999999999998,-89.5,-88.5,-91.5,-83.0,0.0,9.0,2.0
835.0,-77.5,-91.5,-82.79999999999998,-89.5,-88.5,-91.5,-83.0,0.0,9.0,2.0
840.0,-77.5,-91.5,-82.79999999999998,-89.5,-88.5,-91.5,-83.0,0.0,9.0,2.0
845.0,-77.5,-91.5,-82.79999999999998,-89.5,-88.5,-91.5,-83.0,0.0,9.0,2.0
850.0,-77.5,-91.5,-82.79999999999998,-89.5,-88.5,-91.5,-83.0,0.0,9.0,2.0
855.0,-77.5,-91.5,-82.79999999999998,-89.5,-88.5,-91.5,-83.0,0.0,9.0,2.0
860.0,-77.5,-91.5,-82.79999999999998,-89.5,-88.5,-91.5,-83.0,0.0,9.0,2.0
865.0,-77.5,-91.5,-82.79999999999998,-89.5,-88.5,-91.5,-83.0,0.0,9.0,2.0
870.0,-77.5,-91.5,-82.79999999999998,-89.5,-88.5,-91.5,-83.0,0.0,9.0,2.0
875.0,-77.5,-91.5,-82.79999999999998,-89.5,-88.5,-91.5,-83.0,0.0,9.0,2.0
880.0,-77.5,-91.5,-82.79999999999998,-89.5,-88.5,-91.5,-83.0,0.0,9.0,2.0
885.0,-77.5,-91.5,-82.79999999999998,-89.5,-88.5,-91.5,-83.0,0.0,9.0,2.0
890.0,-77.5,-91.5,-82.79999999999998,-89.5,-88.5,-91.5,-83.0,0.0,9.0,2.0
895.0,-77.5,-91.5,-82.79999999999998,-89.5,-88.5,-91.5,-83.0,0.0,9.0,2.0
900.0,-77.5,-91.5,-82.79999999999998,-89.5,-88.5,-91.5,-83.0,0.0,9.0,2.0
905.0,-78.6,-91.66666666666667,-83.54666666666665,-89.8,-88.86666666666666,-91.66666666666667,-83.73333333333333,0.0,9.0,2.0
910.0,-78.7,-91.46666666666667,-83.52666666666666,-89.86666666666666,-89.23333333333333,-91.56666666666666,-83.72666666666667,0.0,9.0,2.0
915.0,-81.0,-91.6,-85.0,-90.53333333333333,-90.33333333333333,-91.8,-85.18666666666668,0.0,9.0,2.0
920.0,-80.2,-91.56666666666666,-83.96000000000001,-90.3,-91.06666666666666,-91.86666666666666,-84.21333333333334,0.0,9.0,2.0
925.0,-80.5,-92.06666666666666,-83.55,-90.3,-92.16666666666667,-92.36666666666666,-83.86333333333333,0.0,9.0,2.0
930.0,-80.7,-92.4,-83.27666666666667,-90.3,-92.9,-92.7,-83.63000000000001,0.0,9.0,2.0
935.0,-79.9,-92.73333333333333,-82.11999999999999,-90.0,-93.63333333333334,-93.03333333333333,-82.54666666666667,0.0,9.0,2.0
940.0,-80.0,-93.26666666666667,-81.86666666666666,-89.93333333333334,-94.0,-93.46666666666667,-82.32,0.0,9.0,2.0
945.0,-78.0,-93.63333333333334,-79.98333333333333,-89.26666666666667,-94.0,-93.73333333333333,-80.51,0.0,9.0,2.0
950.0,-79.0,-94.0,-80.75,-89.5,-94.0,-94.0,-81.25,0.0,9.0,2.0
955.0,-79.0,-94.0,-80.75,-89.5,-94.0,-94.0,-81.25,0.0,9.0,2.0
960.0,-79.0,-94.0,-80.75,-89.5,-94.0,-94.0,-81.25,0.0,9.0,2.0
965.0,-79.0,-94.0,-80.75,-89.5,-94.0,-94.0,-81.25,0.0,9.0,2.0
970.0,-79.0,-94.0,-80.75,-89.5,-94.0,-94.0,-81.25,0.0,9.0,2.0
975.0,-79.0,-94.0,-80.75,-89.5,-94.0,-94.0,-81.25,0.0,9.0,2.0
980.0,-79.0,-94.0,-80.75,-89.5,-94.0,-94.0,-81.25,0.0,9.0,2.0
985.0,-79.0,-94.0,-80.75,-89.5,-94.0,-94.0,-81.25,0.0,9.0,2.0
990.0,-79.0,-94.0,-80.75,-89.5,-94.0,-94.0,-81.25,0.0,9.0,2.0
995.0,-79.0,-94.0,-80.75,-89.5,-94.0,-94.0,-81.25,0.0,9.0,2.0
1000.0,-79.0,-94.0,-80.75,-89.5,-94.0,-94.0,-81.25,0.0,9.0,2.0
1005.0,-79.0,-94.0,-80.75,-89.5,-94.0,-94.0,-81.25,0.0,9.0,2.0
1010.0,-79.0,-94.0,-80.75,-89.5,-94.0,-94.0,-81.25,0.0,9.0,2.0
1015.0,-79.0,-94.0,-80.75,-89.5,-94.0,-94.0,-81.25,0.0,9.0,2.0
1020.0,-79.0,-94.0,-80.75,-89.5,-94.0,-94.0,-81.25,0.0,9.0,2.0
1025.0,-80.0,-94.0,-81.63333333333334,-89.8,-94.0,-94.0,-82.1,0.0,9.0,2.0
1030.0,-79.96666666666667,-93.8,-81.76333333333334,-89.8,-94.0,-93.66666666666667,-82.26666666666667,0.0,9.0,2.0
1035.0,-79.83333333333333,-93.26666666666667,-82.24000000000001,-89.76666666666667,-94.0,-92.73333333333333,-82.76111111111112,0.0,9.0,2.0
1040.0,-80.76666666666667,-93.13333333333334,-83.33999999999999,-90.03333333333333,-94.0,-92.46666666666667,-83.77222222222221,0.0,9.0,2.0
1045.0,-80.66666666666667,-92.83333333333333,-83.80999999999997,-90.93333333333334,-94.0,-91.86666666666666,-83.69722222222222,0.0,9.0,2.0
1050.0,-80.6,-92.63333333333334,-84.1233333333333,-91.53333333333333,-94.0,-91.46666666666667,-83.64722222222221,0.0,9.0,2.0
1055.0,-79.5,-92.33333333333333,-83.70999999999998,-92.13333333333334,-94.0,-90.86666666666666,-82.72222222222221,0.0,9.0,2.0
1060.0,-79.46666666666667,-92.33333333333333,-83.89333333333333,-92.73333333333333,-94.0,-90.8,-82.50555555555555,0.0,9.0,2.0
1065.0,-79.5,-92.56666666666666,-83.88666666666664,-93.66666666666667,-94.0,-91.13333333333334,-81.9361111111111,0.0,9.0,2.0
1070.0,-78.5,-92.5,-83.09999999999998,-94.0,-94.0,-91.0,-80.875,0.0,9.0,2.0
1075.0,-78.5,-92.5,-83.09999999999998,-94.0,-94.0,-91.0,-80.875,0.0,9.0,2.0
1080.0,-78.5,-92.5,-83.09999999999998,-94.0,-94.0,-91.0,-80.875,0.0,9.0,2.0
1085.0,-78.5,-92.5,-83.09999999999998,-94.0,-94.0,-91.0,-80.875,0.0,9.0,2.0
1090.0,-78.5,-92.5,-83.09999999999998,-94.0,-94.0,-91.0,-80.875,0.0,9.0,2.0
1095.0,-78.5,-92.5,-83.09999999999998,-94.0,-94.0,-91.0,-80.875,0.0,9.0,2.0
1100.0,-78.5,-92.5,-83.09999999999998,-94.0,-94.0,-91.0,-80.875,0.0,9.0,2.0
1105.0,-78.5,-92.5,-83.09999999999998,-94.0,-94.0,-91.0,-80.875,0.0,9.0,2.0
1110.0,-78.5,-92.5,-83.09999999999998,-94.0,-94.0,-91.0,-80.875,0.0,9.0,2.0
1115.0,-78.5,-92.5,-83.09999999999998,-94.0,-94.0,-91.0,-80.875,0.0,9.0,2.0
1120.0,-78.5,-92.5,-83.09999999999998,-94.0,-94.0,-91.0,-80.875,0.0,9.0,2.0
1125.0,-78.5,-92.5,-83.09999999999998,-94.0,-94.0,-91.0,-80.875,0.0,9.0,2.0
1130.0,-78.5,-92.5,-83.09999999999998,-94.0,-94.0,-91.0,-80.875,0.0,9.0,2.0
1135.0,-78.5,-92.5,-83.09999999999998,-94.0,-94.0,-91.0,-80.875,0.0,9.0,2.0
30.0,-82.33333333333333,-88.86666666666666,-81.51666666666667,-94.0,-94.0,-89.33333333333333,-84.66666666666667,7.8,9.0,11.0
35.0,-81.5,-88.5,-80.625,-94.0,-94.0,-89.0,-84.0,7.8,9.0,11.0
40.0,-81.5,-88.5,-80.625,-94.0,-94.0,-89.0,-84.0,7.8,9.0,11.0
45.0,-81.5,-88.5,-80.625,-94.0,-94.0,-89.0,-84.0,7.8,9.0,11.0
50.0,-81.5,-88.5,-80.625,-94.0,-94.0,-89.0,-84.0,7.8,9.0,11.0
55.0,-81.5,-88.5,-80.625,-94.0,-94.0,-89.0,-84.0,7.8,9.0,11.0
60.0,-81.5,-88.5,-80.625,-94.0,-94.0,-89.0,-84.0,7.8,9.0,11.0
65.0,-81.5,-88.5,-80.625,-94.0,-94.0,-89.0,-84.0,7.8,9.0,11.0
70.0,-81.5,-88.5,-80.625,-94.0,-94.0,-89.0,-84.0,7.8,9.0,11.0
75.0,-81.5,-88.5,-80.625,-94.0,-94.0,-89.0,-84.0,7.8,9.0,11.0
80.0,-81.5,-88.5,-80.625,-94.0,-94.0,-89.0,-84.0,7.8,9.0,11.0
85.0,-81.5,-88.5,-80.625,-94.0,-94.0,-89.0,-84.0,7.8,9.0,11.0
90.0,-80.76666666666667,-88.23333333333333,-79.75,-94.0,-94.0,-88.7,-83.4,7.8,9.0,11.0
95.0,-81.06666666666666,-88.53333333333333,-79.8,-94.0,-94.0,-88.8,-83.6,7.8,9.0,11.0
100.0,-82.0,-89.0,-80.70833333333333,-94.0,-94.0,-89.16666666666667,-84.33333333333333,7.8,9.0,11.0
105.0,-83.7,-89.91666666666667,-82.63333333333334,-94.0,-94.0,-89.88333333333334,-85.68666666666667,7.8,9.0,11.0
110.0,-83.1,-89.86666666666666,-81.64444444444443,-94.0,-94.0,-89.96666666666667,-85.06222222222223,7.8,9.0,11.0
115.0,-83.0,-89.7,-80.48388888888888,-94.0,-94.0,-90.06666666666666,-84.76063492063494,7.8,9.0,11.0
120.0,-84.26666666666667,-90.03333333333333,-81.3288888888889,-94.0,-94.0,-90.43333333333334,-85.70349206349208,7.8,9.0,11.0
125.0,-84.76666666666667,-89.83333333333333,-81.23388888888891,-94.0,-94.0,-90.43333333333334,-86.0177777777778,7.8,9.0,11.0
130.0,-84.36666666666666,-89.43333333333334,-80.29555555555557,-94.0,-94.0,-90.13333333333334,-85.62730158730162,7.8,9.0,11.0
135.0,-83.46666666666667,-88.61666666666666,-78.32555555555557,-94.0,-94.0,-89.51666666666667,-84.78825396825398,7.8,9.0,11.0
140.0,-84.6,-88.73333333333333,-79.28444444444446,-94.0,-94.0,-89.5,-85.75555555555557,7.8,9.0,11.0
145.0,-85.5,-89.0,-80.40000000000002,-94.0,-94.0,-89.5,-86.5714285714286,7.8,9.0,11.0
150.0,-85.5,-89.0,-80.4,-94.0,-94.0,-89.5,-86.5714285714286,7.8,9.0,11.0
155.0,-85.5,-89.0,-80.40000000000002,-94.0,-94.0,-89.5,-86.5714285714286,7.8,9.0,11.0
160.0,-85.5,-89.0,-80.4,-94.0,-94.0,-89.5,-86.5714285714286,7.8,9.0,11.0
165.0,-85.5,-89.0,-80.40000000000002,-94.0,-94.0,-89.5,-86.5714285714286,7.8,9.0,11.0
170.0,-85.5,-89.0,-80.4,-94.0,-94.0,-89.5,-86.5714285714286,7.8,9.0,11.0
175.0,-85.5,-89.0,-80.40000000000002,-94.0,-94.0,-89.5,-86.5714285714286,7.8,9.0,11.0
180.0,-85.5,-89.0,-80.4,-94.0,-94.0,-89.5,-86.5714285714286,7.8,9.0,11.0
185.0,-85.5,-89.0,-80.40000000000002,-94.0,-94.0,-89.5,-86.5714285714286,7.8,9.0,11.0
190.0,-85.5,-89.0,-80.4,-94.0,-94.0,-89.5,-86.5714285714286,7.8,9.0,11.0
195.0,-85.5,-89.0,-80.40000000000002,-94.0,-94.0,-89.5,-86.5714285714286,7.8,9.0,11.0
200.0,-85.5,-89.0,-80.4,-94.0,-94.0,-89.5,-86.5714285714286,7.8,9.0,11.0
205.0,-85.5,-89.0,-80.40000000000002,-94.0,-94.0,-89.5,-86.5714285714286,7.8,9.0,11.0
210.0,-85.5,-89.0,-80.4,-94.0,-94.0,-89.5,-86.5714285714286,7.8,9.0,11.0
215.0,-85.5,-89.0,-80.40000000000002,-94.0,-94.0,-89.5,-86.5714285714286,7.8,9.0,11.0
220.0,-86.06666666666666,-89.33333333333333,-81.30666666666666,-94.0,-94.0,-89.8,-87.06666666666668,7.8,9.0,11.0
225.0,-87.2,-89.7,-82.16166666666668,-94.0,-94.0,-90.06666666666666,-87.31714285714287,7.8,9.0,11.0
230.0,-88.33333333333333,-89.85,-82.05,-94.0,-94.0,-90.03333333333333,-86.76761904761905,7.8,9.0,11.0
235.0,-90.03333333333333,-90.2,-81.86999999999999,-94.0,-94.0,-90.03333333333333,-85.85333333333332,7.8,9.0,11.0
240.0,-91.16666666666667,-90.43333333333334,-81.75,-94.0,-94.0,-90.03333333333333,-85.24380952380952,7.8,9.0,11.0
245.0,-92.86666666666666,-90.78333333333333,-81.57,-94.0,-94.0,-90.03333333333333,-84.3295238095238,7.8,9.0,11.0
250.0,-93.43333333333334,-90.68333333333334,-80.54333333333334,-94.0,-94.0,-89.73333333333333,-83.2247619047619,7.8,9.0,11.0
255.0,-94.0,-90.66666666666667,-79.50833333333334,-94.0,-94.0,-89.46666666666667,-82.06,7.8,9.0,11.0
260.0,-94.0,-90.75,-79.5,-94.0,-94.0,-89.5,-82.0,7.8,9.0,11.0
265.0,-94.0,-90.75,-79.5,-94.0,-94.0,-89.5,-82.0,7.8,9.0,11.0
270.0,-94.0,-90.75,-79.5,-94.0,-94.0,-89.5,-82.0,7.8,9.0,11.0
275.0,-94.0,-90.75,-79.5,-94.0,-94.0,-89.5,-82.0,7.8,9.0,11.0
280.0,-94.0,-90.75,-79.5,-94.0,-94.0,-89.5,-82.0,7.8,9.0,11.0
285.0,-94.0,-90.75,-79.5,-94.0,-94.0,-89.5,-82.0,7.8,9.0,11.0
290.0,-94.0,-90.75,-79.5,-94.0,-94.0,-89.5,-82.0,7.8,9.0,11.0
295.0,-94.0,-90.75,-79.5,-94.0,-94.0,-89.5,-82.0,7.8,9.0,11.0
300.0,-94.0,-90.75,-79.5,-94.0,-94.0,-89.5,-82.0,7.8,9.0,11.0
305.0,-94.0,-90.75,-79.5,-94.0,-94.0,-89.5,-82.0,7.8,9.0,11.0
310.0,-94.0,-90.75,-79.5,-94.0,-94.0,-89.5,-82.0,7.8,9.0,11.0
315.0,-94.0,-90.75,-79.5,-94.0,-94.0,-89.5,-82.0,7.8,9.0,11.0
320.0,-94.0,-90.75,-79.5,-94.0,-94.0,-89.5,-82.0,7.8,9.0,11.0
325.0,-94.0,-90.75,-79.5,-94.0,-94.0,-89.5,-82.0,7.8,9.0,11.0
330.0,-94.0,-90.75,-79.5,-94.0,-94.0,-89.5,-82.0,7.8,9.0,11.0
335.0,-94.0,-90.75,-79.5,-94.0,-94.0,-89.5,-82.0,7.8,9.0,11.0
340.0,-94.0,-90.96666666666667,-80.46666666666667,-94.0,-94.0,-89.8,-82.8,7.8,9.0,11.0
345.0,-93.33333333333333,-91.13333333333334,-81.5,-93.46666666666667,-94.0,-90.1,-83.97777777777779,7.8,9.0,11.0
350.0,-92.66666666666667,-90.96666666666667,-81.44444444444444,-92.93333333333334,-94.0,-90.06666666666666,-84.4,7.8,9.0,11.0
355.0,-92.66666666666667,-90.61666666666666,-81.0777777777778,-92.93333333333334,-94.0,-89.96666666666667,-84.53333333333335,7.8,9.0,11.0
360.0,-92.66666666666667,-90.38333333333334,-80.83333333333333,-92.93333333333334,-94.0,-89.9,-84.62222222222223,7.8,9.0,11.0
365.0,-92.66666666666667,-90.03333333333333,-80.46666666666668,-92.93333333333334,-94.0,-89.8,-84.75555555555556,7.8,9.0,11.0
370.0,-92.66666666666667,-89.58333333333333,-79.25555555555556,-92.93333333333334,-94.0,-89.43333333333334,-84.04444444444445,7.8,9.0,11.0
375.0,-93.33333333333333,-89.06666666666666,-77.85555555555557,-93.46666666666667,-94.0,-89.03333333333333,-83.00000000000001,7.8,9.0,11.0
380.0,-94.0,-89.0,-77.66666666666667,-94.0,-94.0,-89.0,-82.66666666666669,7.8,9.0,11.0
385.0,-94.0,-89.0,-77.66666666666667,-94.0,-94.0,-89.0,-82.66666666666669,7.8,9.0,11.0
390.0,-94.0,-89.0,-77.66666666666667,-94.0,-94.0,-89.0,-82.66666666666669,7.8,9.0,11.0
395.0,-94.0,-89.0,-77.66666666666667,-94.0,-94.0,-89.0,-82.66666666666669,7.8,9.0,11.0
400.0,-94.0,-89.0,-77.66666666666667,-94.0,-94.0,-89.0,-82.66666666666669,7.8,9.0,11.0
405.0,-94.0,-89.0,-77.66666666666667,-94.0,-94.0,-89.0,-82.66666666666669,7.8,9.0,11.0
410.0,-94.0,-89.0,-77.66666666666667,-94.0,-94.0,-89.0,-82.66666666666669,7.8,9.0,11.0
415.0,-94.0,-89.0,-77.66666666666667,-94.0,-94.0,-89.0,-82.66666666666669,7.8,9.0,11.0
420.0,-94.0,-89.0,-77.66666666666667,-94.0,-94.0,-89.0,-82.66666666666669,7.8,9.0,11.0
425.0,-94.0,-89.0,-77.66666666666667,-94.0,-94.0,-89.0,-82.66666666666669,7.8,9.0,11.0
430.0,-94.0,-89.0,-77.66666666666667,-94.0,-94.0,-89.0,-82.66666666666669,7.8,9.0,11.0
435.0,-94.0,-89.0,-77.66666666666667,-94.0,-94.0,-89.0,-82.66666666666669,7.8,9.0,11.0
440.0,-94.0,-89.0,-77.66666666666667,-94.0,-94.0,-89.0,-82.66666666666669,7.8,9.0,11.0
445.0,-94.0,-89.0,-77.66666666666667,-94.0,-94.0,-89.0,-82.66666666666669,7.8,9.0,11.0
450.0,-94.0,-89.0,-77.66666666666667,-94.0,-94.0,-89.0,-82.66666666666669,7.8,9.0,11.0
455.0,-94.0,-89.0,-77.66666666666667,-94.0,-94.0,-89.0,-82.66666666666669,7.8,9.0,11.0
460.0,-94.0,-89.33333333333333,-78.75555555555555,-94.0,-94.0,-89.33333333333333,-83.42222222222223,7.8,9.0,11.0
465.0,-93.2,-89.36666666666666,-78.72222222222223,-94.0,-94.0,-89.36666666666666,-83.41111111111111,7.8,9.0,11.0
470.0,-92.4,-89.46666666666667,-78.6888888888889,-94.0,-94.0,-89.43333333333334,-83.4,7.8,9.0,11.0
475.0,-92.4,-89.93333333333334,-79.7777777777778,-94.0,-94.0,-89.83333333333333,-84.15555555555557,7.8,9.0,11.0
480.0,-92.4,-89.9,-77.95555555555556,-94.0,-94.0,-89.7,-84.56666666666666,7.8,9.0,11.0
485.0,-92.4,-90.2,-77.22222222222223,-94.0,-94.0,-89.9,-85.73333333333333,7.8,9.0,11.0
490.0,-92.4,-90.06666666666666,-75.64444444444445,-94.0,-94.0,-89.7,-85.75555555555555,7.8,9.0,11.0
495.0,-93.2,-90.33333333333333,-74.94444444444444,-94.0,-94.0,-89.86666666666666,-86.93333333333334,7.8,9.0,11.0
500.0,-94.0,-90.43333333333334,-74.4888888888889,-94.0,-94.0,-89.93333333333334,-87.72222222222221,7.8,9.0,11.0
505.0,-94.0,-90.26666666666667,-72.66666666666667,-94.0,-94.0,-89.73333333333333,-88.13333333333334,7.8,9.0,11.0
510.0,-94.0,-90.5,-74.0,-94.0,-94.0,-90.0,-88.5,7.8,9.0,11.0
515.0,-94.0,-90.5,-74.0,-94.0,-94.0,-90.0,-88.5,7.8,9.0,11.0
520.0,-94.0,-90.5,-74.0,-94.0,-94.0,-90.0,-88.5,7.8,9.0,11.0
525.0,-94.0,-90.5,-74.0,-94.0,-94.0,-90.0,-88.5,7.8,9.0,11.0
530.0,-94.0,-90.5,-74.0,-94.0,-94.0,-90.0,-88.5,7.8,9.0,11.0
535.0,-94.0,-90.5,-74.0,-94.0,-94.0,-90.0,-88.5,7.8,9.0,11.0
540.0,-94.0,-90.5,-74.0,-94.0,-94.0,-90.0,-88.5,7.8,9.0,11.0
545.0,-94.0,-90.5,-74.0,-94.0,-94.0,-90.0,-88.5,7.8,9.0,11.0
550.0,-94.0,-90.5,-74.0,-94.0,-94.0,-90.0,-88.5,7.8,9.0,11.0
555.0,-94.0,-90.5,-74.0,-94.0,-94.0,-90.0,-88.5,7.8,9.0,11.0
560.0,-94.0,-90.5,-74.0,-94.0,-94.0,-90.0,-88.5,7.8,9.0,11.0
565.0,-94.0,-90.5,-74.0,-94.0,-94.0,-90.0,-88.5,7.8,9.0,11.0
570.0,-94.0,-90.5,-74.0,-94.0,-94.0,-90.0,-88.5,7.8,9.0,11.0
575.0,-94.0,-90.5,-74.0,-94.0,-94.0,-90.0,-88.5,7.8,9.0,11.0
580.0,-94.0,-90.5,-74.0,-94.0,-94.0,-90.0,-88.5,7.8,9.0,11.0
585.0,-94.0,-90.77777777777779,-75.575,-94.0,-94.0,-90.23333333333333,-88.59166666666667,7.8,9.0,11.0
590.0,-94.0,-91.24444444444445,-78.24166666666666,-94.0,-94.0,-90.76666666666667,-89.325,7.8,9.0,11.0
595.0,-94.0,-91.24444444444444,-79.03055555555555,-94.0,-94.0,-90.7,-88.35833333333333,7.8,9.0,11.0
600.0,-94.0,-91.17777777777776,-78.73055555555555,-94.0,-94.0,-90.36666666666666,-87.225,7.8,9.0,11.0
605.0,-94.0,-91.47777777777777,-79.93055555555556,-94.0,-94.0,-90.26666666666667,-86.525,7.8,9.0,11.0
610.0,-94.0,-91.67777777777776,-80.73055555555555,-94.0,-94.0,-90.2,-86.05833333333334,7.8,9.0,11.0
615.0,-94.0,-91.7,-80.35555555555555,-94.0,-94.0,-89.86666666666666,-85.26666666666667,7.8,9.0,11.0
620.0,-94.0,-91.43333333333334,-78.48888888888888,-94.0,-94.0,-89.26666666666667,-84.06666666666666,7.8,9.0,11.0
625.0,-94.0,-91.73333333333333,-78.9,-94.0,-94.0,-89.23333333333333,-84.33333333333333,7.8,9.0,11.0
630.0,-94.0,-92.0,-80.0,-94.0,-94.0,-89.5,-85.0,7.8,9.0,11.0
635.0,-94.0,-92.0,-80.0,-94.0,-94.0,-89.5,-85.0,7.8,9.0,11.0
640.0,-94.0,-92.0,-80.0,-94.0,-94.0,-89.5,-85.0,7.8,9.0,11.0
645.0,-94.0,-92.0,-80.0,-94.0,-94.0,-89.5,-85.0,7.8,9.0,11.0
650.0,-94.0,-92.0,-80.0,-94.0,-94.0,-89.5,-85.0,7.8,9.0,11.0
655.0,-94.0,-92.0,-80.0,-94.0,-94.0,-89.5,-85.0,7.8,9.0,11.0
660.0,-94.0,-92.0,-80.0,-94.0,-94.0,-89.5,-85.0,7.8,9.0,11.0
665.0,-94.0,-92.0,-80.0,-94.0,-94.0,-89.5,-85.0,7.8,9.0,11.0
670.0,-94.0,-92.0,-80.0,-94.0,-94.0,-89.5,-85.0,7.8,9.0,11.0
675.0,-94.0,-92.0,-80.0,-94.0,-94.0,-89.5,-85.0,7.8,9.0,11.0
680.0,-94.0,-92.0,-80.0,-94.0,-94.0,-89.5,-85.0,7.8,9.0,11.0
685.0,-94.0,-92.0,-80.0,-94.0,-94.0,-89.5,-85.0,7.8,9.0,11.0
690.0,-94.0,-92.0,-80.0,-94.0,-94.0,-89.5,-85.0,7.8,9.0,11.0
695.0,-94.0,-92.0,-80.0,-94.0,-94.0,-89.5,-85.0,7.8,9.0,11.0
700.0,-94.0,-92.0,-80.0,-94.0,-94.0,-89.5,-85.0,7.8,9.0,11.0
705.0,-94.0,-92.13333333333334,-80.93333333333334,-94.0,-94.0,-89.8,-85.6,7.8,9.0,11.0
710.0,-94.0,-91.76666666666667,-80.96666666666667,-94.0,-94.0,-89.58333333333333,-85.81666666666666,7.8,9.0,11.0
715.0,-94.0,-91.16666666666667,-82.17777777777778,-94.0,-94.0,-89.45,-86.8,7.8,9.0,11.0
720.0,-93.23333333333333,-90.13333333333334,-81.725,-94.0,-94.0,-88.75,-86.475,7.8,9.0,11.0
725.0,-90.93333333333334,-89.63333333333334,-81.7,-94.0,-94.0,-88.85,-86.3,7.8,9.0,11.0
730.0,-89.4,-89.3,-81.68333333333334,-94.0,-94.0,-88.91666666666667,-86.18333333333334,7.8,9.0,11.0
735.0,-87.1,-88.66666666666667,-80.725,-94.0,-94.0,-88.71666666666667,-85.40833333333333,7.8,9.0,11.0
740.0,-85.56666666666666,-88.7,-80.675,-94.0,-94.0,-89.0,-85.075,7.8,9.0,11.0
745.0,-83.26666666666667,-88.8,-79.43888888888888,-94.0,-94.0,-89.23333333333333,-83.91666666666667,7.8,9.0,11.0
750.0,-82.5,-89.5,-79.875,-94.0,-94.0,-90.0,-84.125,7.8,9.0,11.0
755.0,-82.5,-89.5,-79.875,-94.0,-94.0,-90.0,-84.125,7.8,9.0,11.0
760.0,-82.5,-89.5,-79.875,-94.0,-94.0,-90.0,-84.125,7.8,9.0,11.0
765.0,-82.5,-89.5,-79.875,-94.0,-94.0,-90.0,-84.125,7.8,9.0,11.0
770.0,-82.5,-89.5,-79.875,-94.0,-94.0,-90.0,-84.125,7.8,9.0,11.0
775.0,-82.5,-89.5,-79.875,-94.0,-94.0,-90.0,-84.125,7.8,9.0,11.0
780.0,-82.5,-89.5,-79.875,-94.0,-94.0,-90.0,-84.125,7.8,9.0,11.0
785.0,-82.5,-89.5,-79.875,-94.0,-94.0,-90.0,-84.125,7.8,9.0,11.0
790.0,-82.5,-89.5,-79.875,-94.0,-94.0,-90.0,-84.125,7.8,9.0,11.0
795.0,-82.5,-89.5,-79.875,-94.0,-94.0,-90.0,-84.125,7.8,9.0,11.0
800.0,-82.5,-89.5,-79.875,-94.0,-94.0,-90.0,-84.125,7.8,9.0,11.0
805.0,-82.5,-89.5,-79.875,-94.0,-94.0,-90.0,-84.125,7.8,9.0,11.0
810.0,-82.5,-89.5,-79.875,-94.0,-94.0,-90.0,-84.125,7.8,9.0,11.0
815.0,-82.5,-89.5,-79.875,-94.0,-94.0,-90.0,-84.125,7.8,9.0,11.0
820.0,-82.5,-89.5,-79.875,-94.0,-94.0,-90.0,-84.125,7.8,9.0,11.0
825.0,-83.26666666666667,-89.8,-80.81666666666666,-94.0,-94.0,-90.26666666666667,-84.78333333333333,7.8,9.0,11.0
830.0,-84.03333333333333,-89.5,-79.94166666666666,-94.0,-94.0,-90.0,-84.18833333333332,7.8,9.0,11.0
835.0,-86.33333333333333,-90.1,-81.85833333333333,-94.0,-94.0,-90.53333333333333,-85.53666666666666,7.8,9.0,11.0
840.0,-86.26666666666667,-90.16666666666667,-81.875,-94.0,-94.0,-90.46666666666667,-85.66666666666666,7.8,9.0,11.0
845.0,-87.76666666666667,-89.9,-81.04166666666667,-94.0,-94.0,-90.06666666666666,-84.61499999999998,7.8,9.0,11.0
850.0,-89.3,-89.9,-81.10833333333333,-94.0,-94.0,-90.0,-84.30944444444442,7.8,9.0,11.0
855.0,-90.83333333333333,-89.6,-80.26666666666667,-94.0,-94.0,-89.63333333333334,-83.19277777777776,7.8,9.0,11.0
860.0,-91.6,-89.9,-81.20833333333333,-94.0,-94.0,-89.83333333333333,-83.4822222222222,7.8,9.0,11.0
865.0,-91.6,-89.3,-79.39166666666667,-94.0,-94.0,-89.2,-81.67555555555555,7.8,9.0,11.0
870.0,-93.2,-89.23333333333333,-79.44166666666666,-94.0,-94.0,-89.2,-81.24,7.8,9.0,11.0
875.0,-94.0,-89.5,-80.375,-94.0,-94.0,-89.5,-81.83333333333331,7.8,9.0,11.0
880.0,-94.0,-89.5,-80.375,-94.0,-94.0,-89.5,-81.83333333333333,7.8,9.0,11.0
885.0,-94.0,-89.5,-80.375,-94.0,-94.0,-89.5,-81.83333333333331,7.8,9.0,11.0
890.0,-94.0,-89.5,-80.375,-94.0,-94.0,-89.5,-81.83333333333333,7.8,9.0,11.0
895.0,-94.0,-89.5,-80.375,-94.0,-94.0,-89.5,-81.83333333333331,7.8,9.0,11.0
900.0,-94.0,-89.5,-80.375,-94.0,-94.0,-89.5,-81.83333333333333,7.8,9.0,11.0
905.0,-94.0,-89.5,-80.375,-94.0,-94.0,-89.5,-81.83333333333331,7.8,9.0,11.0
910.0,-94.0,-89.5,-80.375,-94.0,-94.0,-89.5,-81.83333333333333,7.8,9.0,11.0
915.0,-94.0,-89.5,-80.375,-94.0,-94.0,-89.5,-81.83333333333331,7.8,9.0,11.0
920.0,-94.0,-89.5,-80.375,-94.0,-94.0,-89.5,-81.83333333333333,7.8,9.0,11.0
925.0,-94.0,-89.5,-80.375,-94.0,-94.0,-89.5,-81.83333333333331,7.8,9.0,11.0
930.0,-94.0,-89.5,-80.375,-94.0,-94.0,-89.5,-81.83333333333333,7.8,9.0,11.0
935.0,-94.0,-89.5,-80.375,-94.0,-94.0,-89.5,-81.83333333333331,7.8,9.0,11.0
940.0,-94.0,-89.5,-80.375,-94.0,-94.0,-89.5,-81.83333333333333,7.8,9.0,11.0
945.0,-94.0,-89.8,-81.28333333333333,-94.0,-94.0,-89.8,-82.64444444444443,7.8,9.0,11.0
950.0,-93.26666666666667,-89.5,-80.4,-94.0,-94.0,-89.46666666666667,-82.24444444444444,7.8,9.0,11.0
955.0,-92.53333333333333,-90.1,-82.24166666666666,-94.0,-94.0,-90.03333333333333,-84.27777777777779,7.8,9.0,11.0
960.0,-91.06666666666666,-90.21666666666667,-81.94166666666666,-94.0,-94.0,-90.08333333333333,-84.71666666666667,7.8,9.0,11.0
965.0,-87.86666666666666,-90.15,-80.36666666666666,-94.0,-94.0,-89.48333333333333,-84.09444444444443,7.8,9.0,11.0
970.0,-86.13333333333334,-90.15,-80.35,-94.0,-94.0,-89.01666666666667,-84.22777777777777,7.8,9.0,11.0
975.0,-83.53333333333333,-89.85,-79.41666666666667,-94.0,-94.0,-88.01666666666667,-83.61666666666665,7.8,9.0,11.0
980.0,-82.53333333333333,-90.15,-80.28333333333333,-94.0,-94.0,-87.88333333333334,-84.15,7.8,9.0,11.0
985.0,-80.66666666666667,-89.55,-78.41666666666667,-94.0,-94.0,-86.61666666666666,-82.31666666666665,7.8,9.0,11.0
990.0,-80.4,-89.43333333333334,-78.7,-94.0,-94.0,-86.1,-82.0111111111111,7.8,9.0,11.0
995.0,-81.0,-89.5,-80.25,-94.0,-94.0,-86.0,-82.83333333333331,7.8,9.0,11.0
1000.0,-81.0,-89.5,-80.25,-94.0,-94.0,-86.0,-82.83333333333331,7.8,9.0,11.0
1005.0,-81.0,-89.5,-80.25,-94.0,-94.0,-86.0,-82.83333333333331,7.8,9.0,11.0
1010.0,-81.0,-89.5,-80.25,-94.0,-94.0,-86.0,-82.83333333333331,7.8,9.0,11.0
1015.0,-81.0,-89.5,-80.25,-94.0,-94.0,-86.0,-82.83333333333331,7.8,9.0,11.0
1020.0,-81.0,-89.5,-80.25,-94.0,-94.0,-86.0,-82.83333333333331,7.8,9.0,11.0
1025.0,-81.0,-89.5,-80.25,-94.0,-94.0,-86.0,-82.83333333333331,7.8,9.0,11.0
1030.0,-81.0,-89.5,-80.25,-94.0,-94.0,-86.0,-82.83333333333331,7.8,9.0,11.0
1035.0,-81.0,-89.5,-80.25,-94.0,-94.0,-86.0,-82.83333333333331,7.8,9.0,11.0
1040.0,-81.0,-89.5,-80.25,-94.0,-94.0,-86.0,-82.83333333333331,7.8,9.0,11.0
1045.0,-81.0,-89.5,-80.25,-94.0,-94.0,-86.0,-82.83333333333331,7.8,9.0,11.0
1050.0,-81.0,-89.5,-80.25,-94.0,-94.0,-86.0,-82.83333333333331,7.8,9.0,11.0
1055.0,-81.0,-89.5,-80.25,-94.0,-94.0,-86.0,-82.83333333333331,7.8,9.0,11.0
1060.0,-81.0,-89.5,-80.25,-94.0,-94.0,-86.0,-82.83333333333331,7.8,9.0,11.0
1065.0,-81.86666666666666,-89.8,-81.16666666666667,-94.0,-94.0,-86.53333333333333,-83.57777777777777,7.8,9.0,11.0
1070.0,-81.86666666666666,-89.5,-79.95,-94.0,-94.0,-86.2,-82.82777777777777,7.8,9.0,11.0
1075.0,-84.46666666666667,-89.8,-80.26666666666667,-94.0,-94.0,-87.13333333333334,-83.56111111111112,7.8,9.0,11.0
1080.0,-86.2,-90.1,-80.88333333333334,-94.0,-94.0,-87.86666666666666,-84.3,7.8,9.0,11.0
1085.0,-88.8,-90.2,-80.93333333333334,-94.0,-94.0,-88.56666666666666,-85.26666666666668,7.8,9.0,11.0
1090.0,-90.53333333333333,-90.26666666666667,-80.96666666666667,-94.0,-94.0,-89.03333333333333,-85.91111111111111,7.8,9.0,11.0
1095.0,-92.26666666666667,-90.06666666666666,-80.1,-94.0,-94.0,-89.2,-86.13333333333335,7.8,9.0,11.0
1100.0,-94.0,-90.43333333333334,-81.35,-94.0,-94.0,-90.0,-87.52777777777779,7.8,9.0,11.0
1105.0,-94.0,-90.23333333333333,-81.08333333333333,-94.0,-94.0,-89.76666666666667,-87.76111111111112,7.8,9.0,11.0
1110.0,-94.0,-90.0,-80.5,-94.0,-94.0,-89.5,-87.66666666666669,7.8,9.0,11.0
1115.0,-94.0,-90.0,-80.5,-94.0,-94.0,-89.5,-87.66666666666669,7.8,9.0,11.0
1120.0,-94.0,-90.0,-80.5,-94.0,-94.0,-89.5,-87.66666666666669,7.8,9.0,11.0
1125.0,-94.0,-90.0,-80.5,-94.0,-94.0,-89.5,-87.66666666666669,7.8,9.0,11.0
1130.0,-94.0,-90.0,-80.5,-94.0,-94.0,-89.5,-87.66666666666669,7.8,9.0,11.0
1135.0,-94.0,-90.0,-80.5,-94.0,-94.0,-89.5,-87.66666666666669,7.8,9.0,11.0
30.0,-92.0,-91.43333333333334,-80.02222222222223,-94.0,-94.0,-94.0,-84.46666666666667,7.8,0.6,14.0
35.0,-90.06666666666666,-91.9,-79.91111111111113,-94.0,-94.0,-94.0,-84.07222222222222,7.8,0.6,14.0
40.0,-87.26666666666667,-92.6,-79.74444444444447,-94.0,-94.0,-94.0,-83.53888888888888,7.8,0.6,14.0
45.0,-85.4,-93.06666666666666,-79.63333333333334,-94.0,-94.0,-94.0,-83.18333333333334,7.8,0.6,14.0
50.0,-83.53333333333333,-93.53333333333333,-79.52222222222221,-94.0,-94.0,-94.0,-82.82777777777777,7.8,0.6,14.0
55.0,-82.6,-94.0,-78.56000000000002,-94.0,-94.0,-94.0,-81.85,7.8,0.6,14.0
60.0,-84.6,-94.0,-78.83111111111113,-94.0,-94.0,-94.0,-82.18333333333334,7.8,0.6,14.0
65.0,-84.53333333333333,-94.0,-77.8888888888889,-94.0,-94.0,-94.0,-81.36111111111111,7.8,0.6,14.0
70.0,-84.33333333333333,-94.0,-77.95555555555556,-94.0,-94.0,-94.0,-81.19444444444444,7.8,0.6,14.0
75.0,-84.2,-94.0,-78.0,-94.0,-94.0,-94.0,-81.08333333333333,7.8,0.6,14.0
80.0,-83.06666666666666,-94.0,-76.94444444444444,-94.0,-94.0,-94.0,-80.0388888888889,7.8,0.6,14.0
85.0,-82.0,-94.0,-77.83999999999999,-94.0,-94.0,-94.0,-80.55,7.8,0.6,14.0
90.0,-79.0,-94.0,-76.51333333333334,-94.0,-94.0,-94.0,-79.25,7.8,0.6,14.0
95.0,-79.0,-94.0,-77.5,-94.0,-94.0,-94.0,-80.0,7.8,0.6,14.0
100.0,-79.0,-94.0,-77.5,-94.0,-94.0,-94.0,-80.0,7.8,0.6,14.0
105.0,-79.0,-94.0,-77.5,-94.0,-94.0,-94.0,-80.0,7.8,0.6,14.0
110.0,-79.0,-94.0,-77.5,-94.0,-94.0,-94.0,-80.0,7.8,0.6,14.0
115.0,-79.0,-94.0,-77.5,-94.0,-94.0,-94.0,-80.0,7.8,0.6,14.0
120.0,-79.0,-94.0,-77.5,-94.0,-94.0,-94.0,-80.0,7.8,0.6,14.0
125.0,-79.0,-94.0,-77.5,-94.0,-94.0,-94.0,-80.0,7.8,0.6,14.0
130.0,-79.0,-94.0,-77.5,-94.0,-94.0,-94.0,-80.0,7.8,0.6,14.0
135.0,-79.0,-94.0,-77.5,-94.0,-94.0,-94.0,-80.0,7.8,0.6,14.0
140.0,-80.0,-94.0,-78.6,-94.0,-94.0,-94.0,-80.93333333333334,7.8,0.6,14.0
145.0,-80.0,-94.0,-78.6,-94.0,-94.0,-94.0,-80.93333333333334,7.8,0.6,14.0
150.0,-81.06666666666666,-93.4,-79.73333333333333,-94.0,-94.0,-93.4,-81.67999999999999,7.8,0.6,14.0
155.0,-82.1,-93.1,-78.38333333333334,-94.0,-94.0,-93.1,-81.32,7.8,0.6,14.0
160.0,-85.1,-93.1,-77.98333333333333,-94.0,-94.0,-93.1,-82.32,7.8,0.6,14.0
165.0,-87.1,-93.1,-77.71666666666667,-94.0,-94.0,-93.1,-82.98666666666666,7.8,0.6,14.0
170.0,-89.1,-93.1,-77.45,-94.0,-94.0,-93.1,-83.65333333333334,7.8,0.6,14.0
175.0,-90.13333333333334,-93.1,-76.26666666666667,-94.0,-94.0,-93.1,-83.52,7.8,0.6,14.0
180.0,-90.13333333333334,-93.7,-76.6,-94.0,-94.0,-93.7,-83.97333333333333,7.8,0.6,14.0
185.0,-89.16666666666667,-94.0,-78.31666666666666,-94.0,-94.0,-94.0,-84.6,7.8,0.6,14.0
190.0,-86.06666666666666,-94.0,-78.91666666666667,-94.0,-94.0,-94.0,-84.4,7.8,0.6,14.0
195.0,-84.0,-94.0,-79.31666666666666,-94.0,-94.0,-94.0,-84.26666666666667,7.8,0.6,14.0
200.0,-80.9,-94.0,-78.68333333333334,-94.0,-94.0,-94.0,-83.46666666666667,7.8,0.6,14.0
205.0,-79.8,-94.0,-80.0,-94.0,-94.0,-94.0,-84.13333333333334,7.8,0.6,14.0
210.0,-78.63333333333334,-94.0,-78.73333333333333,-94.0,-94.0,-94.0,-83.73333333333333,7.8,0.6,14.0
215.0,-78.5,-94.0,-78.5,-94.0,-94.0,-94.0,-84.0,7.8,0.6,14.0
220.0,-78.5,-94.0,-78.5,-94.0,-94.0,-94.0,-84.0,7.8,0.6,14.0
225.0,-78.5,-94.0,-78.5,-94.0,-94.0,-94.0,-84.0,7.8,0.6,14.0
230.0,-78.5,-94.0,-78.5,-94.0,-94.0,-94.0,-84.0,7.8,0.6,14.0
235.0,-78.5,-94.0,-78.5,-94.0,-94.0,-94.0,-84.0,7.8,0.6,14.0
240.0,-78.5,-94.0,-78.5,-94.0,-94.0,-94.0,-84.0,7.8,0.6,14.0
245.0,-78.5,-94.0,-78.5,-94.0,-94.0,-94.0,-84.0,7.8,0.6,14.0
250.0,-78.5,-94.0,-78.5,-94.0,-94.0,-94.0,-84.0,7.8,0.6,14.0
255.0,-78.5,-94.0,-78.5,-94.0,-94.0,-94.0,-84.0,7.8,0.6,14.0
260.0,-78.5,-94.0,-78.5,-94.0,-94.0,-94.0,-84.0,7.8,0.6,14.0
265.0,-79.53333333333333,-94.0,-79.53333333333333,-94.0,-94.0,-94.0,-84.66666666666667,7.8,0.6,14.0
270.0,-81.6,-94.0,-79.82666666666667,-94.0,-94.0,-94.0,-84.38666666666668,7.8,0.6,14.0
275.0,-81.73333333333333,-94.0,-78.94000000000001,-94.0,-94.0,-94.0,-83.51333333333334,7.8,0.6,14.0
280.0,-81.93333333333334,-94.0,-78.94,-94.0,-94.0,-94.0,-83.41333333333333,7.8,0.6,14.0
285.0,-82.06666666666666,-94.0,-78.94,-94.0,-94.0,-94.0,-83.34666666666666,7.8,0.6,14.0
290.0,-82.26666666666667,-94.0,-78.94,-94.0,-94.0,-94.0,-83.24666666666666,7.8,0.6,14.0
295.0,-82.33333333333333,-94.0,-78.94,-94.0,-94.0,-94.0,-83.21333333333334,7.8,0.6,14.0
300.0,-79.3,-94.0,-76.97999999999999,-94.0,-94.0,-94.0,-81.29333333333334,7.8,0.6,14.0
305.0,-80.2,-94.0,-78.68888888888888,-94.0,-94.0,-94.0,-82.33333333333333,7.8,0.6,14.0
310.0,-79.16666666666667,-94.0,-77.14444444444443,-94.0,-94.0,-94.0,-80.51666666666667,7.8,0.6,14.0
315.0,-79.16666666666667,-94.0,-76.94444444444443,-94.0,-94.0,-94.0,-80.08333333333333,7.8,0.6,14.0
320.0,-79.16666666666667,-94.0,-76.64444444444443,-94.0,-94.0,-94.0,-79.43333333333334,7.8,0.6,14.0
325.0,-78.2,-94.0,-75.4111111111111,-94.0,-94.0,-94.0,-78.3,7.8,0.6,14.0
330.0,-79.36666666666666,-94.0,-76.77777777777777,-94.0,-94.0,-94.0,-79.75,7.8,0.6,14.0
335.0,-78.46666666666667,-94.0,-75.75555555555555,-94.0,-94.0,-94.0,-79.08333333333333,7.8,0.6,14.0
340.0,-79.5,-94.0,-77.0,-94.0,-94.0,-94.0,-80.25,7.8,0.6,14.0
345.0,-79.5,-94.0,-77.0,-94.0,-94.0,-94.0,-80.25,7.8,0.6,14.0
350.0,-79.5,-94.0,-77.0,-94.0,-94.0,-94.0,-80.25,7.8,0.6,14.0
355.0,-79.5,-94.0,-77.0,-94.0,-94.0,-94.0,-80.25,7.8,0.6,14.0
360.0,-79.5,-94.0,-77.0,-94.0,-94.0,-94.0,-80.25,7.8,0.6,14.0
365.0,-79.5,-94.0,-77.0,-94.0,-94.0,-94.0,-80.25,7.8,0.6,14.0
370.0,-79.5,-94.0,-77.0,-94.0,-94.0,-94.0,-80.25,7.8,0.6,14.0
375.0,-79.5,-94.0,-77.0,-94.0,-94.0,-94.0,-80.25,7.8,0.6,14.0
380.0,-79.5,-94.0,-77.0,-94.0,-94.0,-94.0,-80.25,7.8,0.6,14.0
385.0,-80.46666666666667,-94.0,-78.13333333333334,-94.0,-94.0,-94.0,-81.16666666666667,7.8,0.6,14.0
390.0,-82.4,-93.46666666666667,-78.4,-94.0,-93.06666666666666,-93.46666666666667,-81.41904761904762,7.8,0.6,14.0
395.0,-84.33333333333333,-93.2,-77.95555555555556,-94.0,-92.6,-93.2,-81.08857142857143,7.8,0.6,14.0
400.0,-87.23333333333333,-93.2,-78.7888888888889,-94.0,-92.6,-93.2,-81.77857142857142,7.8,0.6,14.0
405.0,-89.16666666666667,-93.2,-79.34444444444445,-94.0,-92.6,-93.2,-82.23857142857145,7.8,0.6,14.0
410.0,-92.06666666666666,-93.2,-80.17777777777778,-94.0,-92.6,-93.2,-82.92857142857143,7.8,0.6,14.0
415.0,-93.03333333333333,-93.2,-80.45555555555555,-94.0,-92.6,-93.2,-83.15857142857143,7.8,0.6,14.0
420.0,-90.9,-93.73333333333333,-79.39999999999999,-94.0,-93.53333333333333,-93.73333333333333,-82.33619047619047,7.8,0.6,14.0
425.0,-89.86666666666666,-94.0,-80.99999999999999,-94.0,-94.0,-94.0,-83.62222222222222,7.8,0.6,14.0
430.0,-85.66666666666667,-94.0,-79.1,-94.0,-94.0,-94.0,-82.59333333333332,7.8,0.6,14.0
435.0,-83.53333333333333,-94.0,-78.56666666666666,-94.0,-94.0,-94.0,-82.63333333333334,7.8,0.6,14.0
440.0,-80.33333333333333,-94.0,-77.76666666666667,-94.0,-94.0,-94.0,-82.69333333333334,7.8,0.6,14.0
445.0,-78.2,-94.0,-76.37777777777778,-94.0,-94.0,-94.0,-82.04666666666667,7.8,0.6,14.0
450.0,-78.1,-94.0,-77.2,-94.0,-94.0,-94.0,-83.36666666666666,7.8,0.6,14.0
455.0,-77.0,-94.0,-76.06666666666666,-94.0,-94.0,-94.0,-82.91111111111111,7.8,0.6,14.0
460.0,-78.0,-94.0,-77.16666666666667,-94.0,-94.0,-94.0,-84.0,7.8,0.6,14.0
465.0,-78.0,-94.0,-77.16666666666667,-94.0,-94.0,-94.0,-84.0,7.8,0.6,14.0
470.0,-78.0,-94.0,-77.16666666666667,-94.0,-94.0,-94.0,-84.0,7.8,0.6,14.0
475.0,-78.0,-94.0,-77.16666666666667,-94.0,-94.0,-94.0,-84.0,7.8,0.6,14.0
480.0,-78.0,-94.0,-77.16666666666667,-94.0,-94.0,-94.0,-84.0,7.8,0.6,14.0
485.0,-78.0,-94.0,-77.16666666666667,-94.0,-94.0,-94.0,-84.0,7.8,0.6,14.0
490.0,-78.0,-94.0,-77.16666666666667,-94.0,-94.0,-94.0,-84.0,7.8,0.6,14.0
495.0,-78.0,-94.0,-77.16666666666667,-94.0,-94.0,-94.0,-84.0,7.8,0.6,14.0
500.0,-78.0,-94.0,-77.16666666666667,-94.0,-94.0,-94.0,-84.0,7.8,0.6,14.0
505.0,-79.06666666666666,-94.0,-78.28888888888888,-94.0,-94.0,-94.0,-84.66666666666667,7.8,0.6,14.0
510.0,-79.06666666666666,-94.0,-78.39444444444445,-94.0,-94.0,-94.0,-84.63333333333334,7.8,0.6,14.0
515.0,-78.0,-94.0,-77.6188888888889,-94.0,-94.0,-94.0,-83.96666666666667,7.8,0.6,14.0
520.0,-78.0,-94.0,-78.02555555555558,-94.0,-94.0,-94.0,-84.16666666666667,7.8,0.6,14.0
525.0,-78.0,-94.0,-78.29666666666667,-94.0,-94.0,-94.0,-84.3,7.8,0.6,14.0
530.0,-78.0,-94.0,-78.70333333333335,-94.0,-94.0,-94.0,-84.5,7.8,0.6,14.0
535.0,-78.0,-94.0,-78.8388888888889,-94.0,-94.0,-94.0,-84.56666666666666,7.8,0.6,14.0
540.0,-76.86666666666666,-94.0,-78.15333333333335,-94.0,-94.0,-94.0,-83.76,7.8,0.6,14.0
545.0,-78.96666666666667,-94.0,-80.18666666666668,-94.0,-94.0,-94.0,-84.94000000000001,7.8,0.6,14.0
550.0,-77.76666666666667,-94.0,-79.14000000000001,-93.86666666666666,-94.0,-94.0,-83.73333333333333,7.8,0.6,14.0
555.0,-77.7,-94.0,-79.08,-93.73333333333333,-94.0,-94.0,-83.56666666666666,7.8,0.6,14.0
560.0,-77.6,-94.0,-78.99,-93.53333333333333,-94.0,-94.0,-83.31666666666666,7.8,0.6,14.0
565.0,-76.46666666666667,-94.0,-77.94333333333334,-93.4,-94.0,-94.0,-82.55,7.8,0.6,14.0
570.0,-77.5,-94.0,-78.83999999999999,-93.2,-94.0,-94.0,-83.33999999999999,7.8,0.6,14.0
575.0,-76.4,-94.0,-77.79333333333334,-93.06666666666666,-94.0,-94.0,-82.79333333333334,7.8,0.6,14.0
580.0,-77.5,-94.0,-78.75,-93.0,-94.0,-94.0,-83.75,7.8,0.6,14.0
585.0,-77.5,-94.0,-78.75,-93.0,-94.0,-94.0,-83.75,7.8,0.6,14.0
590.0,-77.5,-94.0,-78.75,-93.0,-94.0,-94.0,-83.75,7.8,0.6,14.0
595.0,-77.5,-94.0,-78.75,-93.0,-94.0,-94.0,-83.75,7.8,0.6,14.0
600.0,-77.5,-94.0,-78.75,-93.0,-94.0,-94.0,-83.75,7.8,0.6,14.0
605.0,-77.5,-94.0,-78.75,-93.0,-94.0,-94.0,-83.75,7.8,0.6,14.0
610.0,-77.5,-94.0,-78.75,-93.0,-94.0,-94.0,-83.75,7.8,0.6,14.0
615.0,-77.5,-94.0,-78.75,-93.0,-94.0,-94.0,-83.75,7.8,0.6,14.0
620.0,-77.5,-94.0,-78.75,-93.0,-94.0,-94.0,-83.75,7.8,0.6,14.0
625.0,-77.5,-94.0,-78.75,-93.0,-94.0,-94.0,-83.75,7.8,0.6,14.0
630.0,-78.6,-94.0,-79.76666666666667,-93.06666666666666,-94.0,-94.0,-84.43333333333334,7.8,0.6,14.0
635.0,-78.73333333333333,-94.0,-80.0888888888889,-93.2,-94.0,-93.33333333333333,-84.53333333333333,7.8,0.6,14.0
640.0,-81.0,-94.0,-79.18333333333334,-93.4,-94.0,-93.0,-82.7,7.8,0.6,14.0
645.0,-83.2,-94.0,-79.15,-93.53333333333333,-94.0,-93.0,-81.9,7.8,0.6,14.0
650.0,-86.5,-94.0,-79.1,-93.73333333333333,-94.0,-93.0,-80.7,7.8,0.6,14.0
655.0,-88.7,-94.0,-80.1,-93.86666666666666,-94.0,-93.0,-80.98333333333333,7.8,0.6,14.0
660.0,-88.7,-94.0,-78.05333333333334,-94.0,-94.0,-93.0,-78.51666666666667,7.8,0.6,14.0
665.0,-88.56666666666666,-94.0,-77.75111111111111,-94.0,-94.0,-93.66666666666667,-78.11666666666666,7.8,0.6,14.0
670.0,-87.4,-94.0,-79.69333333333334,-94.0,-94.0,-94.0,-80.33333333333333,7.8,0.6,14.0
675.0,-87.4,-94.0,-78.31,-94.0,-94.0,-94.0,-79.675,7.8,0.6,14.0
680.0,-87.4,-94.0,-77.96000000000001,-94.0,-94.0,-94.0,-80.1,7.8,0.6,14.0
685.0,-87.4,-94.0,-76.69333333333334,-94.0,-94.0,-94.0,-79.3,7.8,0.6,14.0
690.0,-89.6,-94.0,-77.32333333333332,-94.0,-94.0,-94.0,-80.30833333333334,7.8,0.6,14.0
695.0,-91.8,-94.0,-77.03666666666666,-94.0,-94.0,-94.0,-80.09166666666667,7.8,0.6,14.0
700.0,-94.0,-94.0,-75.6,-94.0,-94.0,-94.0,-78.93333333333334,7.8,0.6,14.0
705.0,-94.0,-94.0,-76.75,-94.0,-94.0,-94.0,-79.875,7.8,0.6,14.0
710.0,-94.0,-94.0,-76.75,-94.0,-94.0,-94.0,-79.875,7.8,0.6,14.0
715.0,-94.0,-94.0,-76.75,-94.0,-94.0,-94.0,-79.875,7.8,0.6,14.0
720.0,-94.0,-94.0,-76.75,-94.0,-94.0,-94.0,-79.875,7.8,0.6,14.0
725.0,-94.0,-94.0,-76.75,-94.0,-94.0,-94.0,-79.875,7.8,0.6,14.0
730.0,-94.0,-94.0,-76.75,-94.0,-94.0,-94.0,-79.875,7.8,0.6,14.0
735.0,-94.0,-94.0,-76.75,-94.0,-94.0,-94.0,-79.875,7.8,0.6,14.0
740.0,-94.0,-94.0,-76.75,-94.0,-94.0,-94.0,-79.875,7.8,0.6,14.0
745.0,-94.0,-94.0,-76.75,-94.0,-94.0,-94.0,-79.875,7.8,0.6,14.0
750.0,-94.0,-94.0,-77.9,-94.0,-94.0,-94.0,-80.81666666666666,7.8,0.6,14.0
755.0,-91.86666666666666,-94.0,-78.30666666666666,-94.0,-94.0,-94.0,-80.88333333333334,7.8,0.6,14.0
760.0,-87.6,-94.0,-77.76,-94.0,-94.0,-94.0,-80.75,7.8,0.6,14.0
765.0,-85.46666666666667,-94.0,-78.02666666666667,-94.0,-94.0,-94.0,-81.26666666666667,7.8,0.6,14.0
770.0,-82.26666666666667,-94.0,-78.42666666666668,-94.0,-94.0,-94.0,-82.04166666666667,7.8,0.6,14.0
775.0,-81.2,-94.0,-79.71000000000001,-94.0,-94.0,-94.0,-83.24166666666666,7.8,0.6,14.0
780.0,-77.33333333333333,-94.0,-77.87666666666668,-94.0,-94.0,-93.6,-82.60277777777777,7.8,0.6,14.0
785.0,-77.73333333333333,-94.0,-77.67,-94.0,-94.0,-93.2,-83.26388888888889,7.8,0.6,14.0
790.0,-80.26666666666667,-94.0,-79.56666666666666,-94.0,-94.0,-92.8,-85.06666666666666,7.8,0.6,14.0
795.0,-81.53333333333333,-94.0,-78.81666666666666,-94.0,-94.0,-92.6,-84.54444444444445,7.8,0.6,14.0
800.0,-84.73333333333333,-94.0,-79.26666666666667,-94.0,-94.0,-92.6,-84.6277777777778,7.8,0.6,14.0
805.0,-85.8,-94.0,-78.55,-94.0,-94.0,-92.6,-84.00000000000001,7.8,0.6,14.0
810.0,-89.66666666666667,-94.0,-80.08333333333333,-94.0,-94.0,-93.0,-84.55555555555557,7.8,0.6,14.0
815.0,-91.4,-94.0,-80.45,-94.0,-94.0,-93.4,-84.40000000000002,7.8,0.6,14.0
820.0,-93.13333333333334,-94.0,-79.95,-94.0,-94.0,-93.8,-83.5888888888889,7.8,0.6,14.0
825.0,-94.0,-94.0,-81.0,-94.0,-94.0,-94.0,-84.16666666666669,7.8,0.6,14.0
830.0,-94.0,-94.0,-81.0,-94.0,-94.0,-94.0,-84.16666666666669,7.8,0.6,14.0
835.0,-94.0,-94.0,-81.0,-94.0,-94.0,-94.0,-84.16666666666669,7.8,0.6,14.0
840.0,-94.0,-94.0,-81.0,-94.0,-94.0,-94.0,-84.16666666666669,7.8,0.6,14.0
845.0,-94.0,-94.0,-81.0,-94.0,-94.0,-94.0,-84.16666666666669,7.8,0.6,14.0
850.0,-94.0,-94.0,-81.0,-94.0,-94.0,-94.0,-84.16666666666669,7.8,0.6,14.0
855.0,-94.0,-94.0,-81.0,-94.0,-94.0,-94.0,-84.16666666666669,7.8,0.6,14.0
860.0,-94.0,-94.0,-81.0,-94.0,-94.0,-94.0,-84.16666666666669,7.8,0.6,14.0
865.0,-94.0,-94.0,-81.0,-94.0,-94.0,-94.0,-84.16666666666669,7.8,0.6,14.0
870.0,-94.0,-94.0,-81.86666666666666,-94.0,-94.0,-94.0,-84.82222222222224,7.8,0.6,14.0
875.0,-93.0,-94.0,-81.60833333333333,-94.0,-94.0,-94.0,-84.55555555555557,7.8,0.6,14.0
880.0,-89.13333333333334,-94.0,-79.99166666666666,-94.0,-94.0,-94.0,-83.09444444444445,7.8,0.6,14.0
885.0,-87.26666666666667,-94.0,-79.75833333333334,-94.0,-94.0,-94.0,-82.82222222222222,7.8,0.6,14.0
890.0,-84.46666666666667,-94.0,-79.40833333333333,-94.0,-94.0,-94.0,-82.41388888888888,7.8,0.6,14.0
895.0,-82.6,-94.0,-79.175,-94.0,-94.0,-94.0,-82.14166666666667,7.8,0.6,14.0
900.0,-80.73333333333333,-94.0,-78.94166666666666,-94.0,-94.0,-94.0,-81.86944444444444,7.8,0.6,14.0
905.0,-81.73333333333333,-94.0,-78.00833333333334,-94.0,-94.0,-94.0,-80.68055555555557,7.8,0.6,14.0
910.0,-85.6,-94.0,-80.275,-94.0,-94.0,-94.0,-82.2638888888889,7.8,0.6,14.0
915.0,-86.5,-94.0,-79.13611111111112,-94.0,-94.0,-94.0,-80.96944444444445,7.8,0.6,14.0
920.0,-86.4,-94.0,-78.61944444444445,-94.0,-94.0,-94.0,-80.24444444444444,7.8,0.6,14.0
925.0,-86.33333333333333,-94.0,-78.275,-94.0,-94.0,-94.0,-79.7611111111111,7.8,0.6,14.0
930.0,-85.3,-94.0,-76.775,-94.0,-94.0,-94.0,-78.24444444444444,7.8,0.6,14.0
935.0,-83.36666666666666,-94.0,-77.3888888888889,-94.0,-94.0,-94.0,-78.94444444444443,7.8,0.6,14.0
940.0,-80.46666666666667,-94.0,-75.87222222222223,-94.0,-94.0,-94.0,-77.68888888888888,7.8,0.6,14.0
945.0,-79.5,-94.0,-76.66666666666667,-94.0,-94.0,-94.0,-78.5,7.8,0.6,14.0
950.0,-79.5,-94.0,-76.66666666666667,-94.0,-94.0,-94.0,-78.5,7.8,0.6,14.0
955.0,-79.5,-94.0,-76.66666666666667,-94.0,-94.0,-94.0,-78.5,7.8,0.6,14.0
960.0,-79.5,-94.0,-76.66666666666667,-94.0,-94.0,-94.0,-78.5,7.8,0.6,14.0
965.0,-79.5,-94.0,-76.66666666666667,-94.0,-94.0,-94.0,-78.5,7.8,0.6,14.0
970.0,-79.5,-94.0,-76.66666666666667,-94.0,-94.0,-94.0,-78.5,7.8,0.6,14.0
975.0,-79.5,-94.0,-76.66666666666667,-94.0,-94.0,-94.0,-78.5,7.8,0.6,14.0
980.0,-79.5,-94.0,-76.66666666666667,-94.0,-94.0,-94.0,-78.5,7.8,0.6,14.0
985.0,-79.5,-94.0,-76.66666666666667,-94.0,-94.0,-94.0,-78.5,7.8,0.6,14.0
990.0,-80.46666666666667,-94.0,-77.82222222222222,-94.0,-94.0,-94.0,-79.53333333333333,7.8,0.6,14.0
995.0,-79.5,-94.0,-76.70555555555556,-94.0,-94.0,-94.0,-78.62222222222222,7.8,0.6,14.0
1000.0,-80.46666666666667,-94.0,-77.9388888888889,-94.0,-94.0,-94.0,-79.9,7.8,0.6,14.0
1005.0,-79.6,-93.5,-76.78333333333333,-94.0,-94.0,-94.0,-79.20000000000002,7.8,0.6,14.0
1010.0,-79.7,-93.0,-76.78333333333333,-94.0,-94.0,-94.0,-79.53333333333335,7.8,0.6,14.0
1015.0,-79.76666666666667,-92.66666666666667,-76.78333333333333,-94.0,-94.0,-94.0,-79.75555555555556,7.8,0.6,14.0
1020.0,-79.83333333333333,-92.33333333333333,-76.78333333333335,-94.0,-94.0,-94.0,-79.97777777777779,7.8,0.6,14.0
1025.0,-79.86666666666666,-92.16666666666667,-76.82222222222222,-94.0,-94.0,-94.0,-80.21666666666667,7.8,0.6,14.0
1030.0,-78.9,-92.16666666666667,-75.70555555555556,-94.0,-94.0,-94.0,-79.31388888888888,7.8,0.6,14.0
1035.0,-80.73333333333333,-92.66666666666667,-78.05555555555557,-94.0,-94.0,-94.0,-81.17222222222222,7.8,0.6,14.0
1040.0,-82.56666666666666,-93.16666666666667,-76.9388888888889,-94.0,-94.0,-94.0,-79.93055555555556,7.8,0.6,14.0
1045.0,-84.43333333333334,-93.5,-76.9388888888889,-94.0,-94.0,-94.0,-79.70833333333333,7.8,0.6,14.0
1050.0,-86.3,-93.83333333333333,-75.78333333333333,-94.0,-94.0,-94.0,-78.45277777777777,7.8,0.6,14.0
1055.0,-89.16666666666667,-94.0,-76.86111111111111,-94.0,-94.0,-94.0,-79.125,7.8,0.6,14.0
1060.0,-92.06666666666666,-94.0,-76.74444444444447,-94.0,-94.0,-94.0,-78.75,7.8,0.6,14.0
1065.0,-93.03333333333333,-94.0,-75.55,-94.0,-94.0,-94.0,-77.59166666666667,7.8,0.6,14.0
1070.0,-94.0,-94.0,-76.66666666666667,-94.0,-94.0,-94.0,-78.5,7.8,0.6,14.0
1075.0,-94.0,-94.0,-76.66666666666667,-94.0,-94.0,-94.0,-78.5,7.8,0.6,14.0
1080.0,-94.0,-94.0,-76.66666666666667,-94.0,-94.0,-94.0,-78.5,7.8,0.6,14.0
1085.0,-94.0,-94.0,-76.66666666666667,-94.0,-94.0,-94.0,-78.5,7.8,0.6,14.0
1090.0,-94.0,-94.0,-76.66666666666667,-94.0,-94.0,-94.0,-78.5,7.8,0.6,14.0
1095.0,-94.0,-94.0,-76.66666666666667,-94.0,-94.0,-94.0,-78.5,7.8,0.6,14.0
1100.0,-94.0,-94.0,-76.66666666666667,-94.0,-94.0,-94.0,-78.5,7.8,0.6,14.0
1105.0,-94.0,-94.0,-76.66666666666667,-94.0,-94.0,-94.0,-78.5,7.8,0.6,14.0
1110.0,-94.0,-94.0,-76.66666666666667,-94.0,-94.0,-94.0,-78.5,7.8,0.6,14.0
1115.0,-94.0,-94.0,-77.82222222222222,-94.0,-94.0,-94.0,-79.53333333333333,7.8,0.6,14.0
1120.0,-92.0,-94.0,-78.1,-94.0,-94.0,-94.0,-79.75555555555556,7.8,0.6,14.0
1125.0,-89.0,-94.0,-77.83444444444444,-94.0,-94.0,-94.0,-79.5,7.8,0.6,14.0
1130.0,-86.0,-94.0,-78.9611111111111,-94.0,-94.0,-94.0,-80.5,7.8,0.6,14.0
1135.0,-84.0,-94.0,-79.71222222222221,-94.0,-94.0,-94.0,-81.16666666666667,7.8,0.6,14.0
30.0,-94.0,-94.0,-81.875,-94.0,-86.5,-94.0,-84.16666666666669,14.4,3.0,21.0
35.0,-94.0,-94.0,-81.875,-94.0,-86.5,-94.0,-84.16666666666669,14.4,3.0,21.0
40.0,-94.0,-94.0,-81.875,-94.0,-86.5,-94.0,-84.16666666666669,14.4,3.0,21.0
45.0,-94.0,-94.0,-81.875,-94.0,-86.5,-94.0,-84.16666666666669,14.4,3.0,21.0
50.0,-94.0,-94.0,-81.875,-94.0,-86.5,-94.0,-84.16666666666669,14.4,3.0,21.0
55.0,-94.0,-94.0,-81.875,-94.0,-86.5,-94.0,-84.16666666666669,14.4,3.0,21.0
60.0,-94.0,-94.0,-81.875,-94.0,-86.5,-94.0,-84.16666666666669,14.4,3.0,21.0
65.0,-94.0,-94.0,-81.875,-94.0,-86.5,-94.0,-84.16666666666669,14.4,3.0,21.0
70.0,-94.0,-94.0,-81.875,-94.0,-86.5,-94.0,-84.16666666666669,14.4,3.0,21.0
75.0,-94.0,-94.0,-81.875,-94.0,-86.5,-94.0,-84.16666666666669,14.4,3.0,21.0
80.0,-94.0,-94.0,-81.875,-94.0,-86.5,-94.0,-84.16666666666669,14.4,3.0,21.0
85.0,-94.0,-94.0,-81.875,-94.0,-86.5,-94.0,-84.16666666666669,14.4,3.0,21.0
90.0,-94.0,-94.0,-82.68333333333334,-94.0,-87.0,-94.0,-84.82222222222224,14.4,3.0,21.0
95.0,-94.0,-93.53333333333333,-82.5,-94.0,-88.0,-94.0,-84.77333333333333,14.4,3.0,21.0
100.0,-94.0,-93.06666666666666,-83.125,-94.0,-89.5,-94.0,-85.37999999999998,14.4,3.0,21.0
105.0,-94.0,-93.06666666666666,-83.10833333333333,-94.0,-90.5,-94.0,-85.36888888888888,14.4,3.0,21.0
110.0,-94.0,-93.06666666666666,-83.08333333333333,-94.0,-92.0,-94.0,-85.35222222222221,14.4,3.0,21.0
115.0,-94.0,-93.06666666666666,-83.06666666666666,-94.0,-93.0,-94.0,-85.3411111111111,14.4,3.0,21.0
120.0,-94.0,-93.06666666666666,-83.05,-94.0,-94.0,-94.0,-85.32999999999998,14.4,3.0,21.0
125.0,-94.0,-93.53333333333333,-83.08999999999999,-94.0,-94.0,-94.0,-85.49,14.4,3.0,21.0
130.0,-94.0,-94.0,-82.24999999999999,-94.0,-94.0,-94.0,-85.05,14.4,3.0,21.0
135.0,-94.0,-94.0,-82.12333333333332,-94.0,-94.0,-94.0,-85.17222222222223,14.4,3.0,21.0
140.0,-94.0,-94.0,-81.93333333333332,-94.0,-94.0,-94.0,-85.35555555555557,14.4,3.0,21.0
145.0,-94.0,-94.0,-81.80666666666666,-94.0,-94.0,-94.0,-85.47777777777779,14.4,3.0,21.0
150.0,-94.0,-94.0,-80.79999999999998,-94.0,-94.0,-94.0,-85.0,14.4,3.0,21.0
155.0,-94.0,-94.0,-80.79999999999998,-94.0,-94.0,-94.0,-85.0,14.4,3.0,21.0
160.0,-94.0,-94.0,-80.79999999999998,-94.0,-94.0,-94.0,-85.0,14.4,3.0,21.0
165.0,-94.0,-94.0,-80.79999999999998,-94.0,-94.0,-94.0,-85.0,14.4,3.0,21.0
170.0,-94.0,-94.0,-80.79999999999998,-94.0,-94.0,-94.0,-85.0,14.4,3.0,21.0
175.0,-94.0,-94.0,-80.79999999999998,-94.0,-94.0,-94.0,-85.0,14.4,3.0,21.0
180.0,-94.0,-94.0,-80.79999999999998,-94.0,-94.0,-94.0,-85.0,14.4,3.0,21.0
185.0,-94.0,-94.0,-80.79999999999998,-94.0,-94.0,-94.0,-85.0,14.4,3.0,21.0
190.0,-94.0,-94.0,-80.79999999999998,-94.0,-94.0,-94.0,-85.0,14.4,3.0,21.0
195.0,-94.0,-94.0,-80.79999999999998,-94.0,-94.0,-94.0,-85.0,14.4,3.0,21.0
200.0,-94.0,-94.0,-80.79999999999998,-94.0,-94.0,-94.0,-85.0,14.4,3.0,21.0
205.0,-94.0,-94.0,-80.79999999999998,-94.0,-94.0,-94.0,-85.0,14.4,3.0,21.0
210.0,-94.0,-94.0,-81.67999999999999,-94.0,-94.0,-94.0,-85.6,14.4,3.0,21.0
215.0,-94.0,-94.0,-81.60999999999999,-94.0,-94.0,-94.0,-85.7,14.4,3.0,21.0
220.0,-94.0,-94.0,-82.35,-94.0,-94.0,-94.0,-86.5,14.4,3.0,21.0
225.0,-90.9,-94.0,-81.51,-94.0,-94.0,-94.0,-85.4,14.4,3.0,21.0
230.0,-87.8,-94.0,-81.55,-94.0,-94.0,-94.0,-84.9,14.4,3.0,21.0
235.0,-85.73333333333333,-94.0,-81.57666666666667,-94.0,-94.0,-94.0,-84.56666666666666,14.4,3.0,21.0
240.0,-83.66666666666667,-94.0,-81.60333333333332,-94.0,-94.0,-94.0,-84.23333333333333,14.4,3.0,21.0
245.0,-81.23333333333333,-94.0,-80.95333333333335,-94.0,-94.0,-94.0,-83.39333333333335,14.4,3.0,21.0
250.0,-79.13333333333334,-94.0,-80.43333333333335,-94.0,-94.0,-94.0,-82.63333333333335,14.4,3.0,21.0
255.0,-80.83333333333333,-94.0,-81.42000000000002,-94.0,-94.0,-94.0,-83.76,14.4,3.0,21.0
260.0,-81.83333333333333,-94.0,-81.60000000000001,-94.0,-94.0,-94.0,-84.30000000000001,14.4,3.0,21.0
265.0,-82.5,-94.0,-81.72000000000001,-94.0,-94.0,-94.0,-84.66000000000001,14.4,3.0,21.0
270.0,-82.46666666666667,-94.0,-81.03333333333335,-94.0,-94.0,-94.0,-84.43333333333335,14.4,3.0,21.0
275.0,-83.5,-94.0,-81.9,-94.0,-94.0,-94.0,-85.20000000000002,14.4,3.0,21.0
280.0,-83.5,-94.0,-81.90000000000002,-94.0,-94.0,-94.0,-85.20000000000002,14.4,3.0,21.0
285.0,-83.5,-94.0,-81.9,-94.0,-94.0,-94.0,-85.20000000000002,14.4,3.0,21.0
290.0,-83.5,-94.0,-81.90000000000002,-94.0,-94.0,-94.0,-85.20000000000002,14.4,3.0,21.0
295.0,-83.5,-94.0,-81.9,-94.0,-94.0,-94.0,-85.20000000000002,14.4,3.0,21.0
300.0,-83.5,-94.0,-81.90000000000002,-94.0,-94.0,-94.0,-85.20000000000002,14.4,3.0,21.0
305.0,-83.5,-94.0,-81.9,-94.0,-94.0,-94.0,-85.20000000000002,14.4,3.0,21.0
310.0,-83.5,-94.0,-81.90000000000002,-94.0,-94.0,-94.0,-85.20000000000002,14.4,3.0,21.0
315.0,-83.5,-94.0,-81.9,-94.0,-94.0,-94.0,-85.20000000000002,14.4,3.0,21.0
320.0,-83.5,-94.0,-81.90000000000002,-94.0,-94.0,-94.0,-85.20000000000002,14.4,3.0,21.0
325.0,-83.5,-94.0,-81.9,-94.0,-94.0,-94.0,-85.20000000000002,14.4,3.0,21.0
330.0,-84.2,-94.0,-82.70666666666668,-94.0,-94.0,-94.0,-85.78666666666668,14.4,3.0,21.0
335.0,-84.2,-94.0,-82.70666666666668,-94.0,-94.0,-94.0,-85.78666666666668,14.4,3.0,21.0
340.0,-85.6,-94.0,-84.32000000000001,-94.0,-94.0,-94.0,-86.96000000000001,14.4,3.0,21.0
345.0,-87.0,-94.0,-84.15,-94.0,-94.0,-94.0,-86.73333333333333,14.4,3.0,21.0
350.0,-89.1,-94.0,-83.895,-94.0,-94.0,-94.0,-86.39333333333335,14.4,3.0,21.0
355.0,-90.5,-94.0,-83.725,-94.0,-94.0,-94.0,-86.16666666666667,14.4,3.0,21.0
360.0,-91.9,-94.0,-83.555,-94.0,-94.0,-94.0,-85.94,14.4,3.0,21.0
365.0,-91.83333333333333,-93.0,-82.87666666666668,-94.0,-94.0,-93.0,-85.11333333333333,14.4,3.0,21.0
370.0,-90.33333333333333,-91.5,-81.58333333333333,-94.0,-94.0,-91.5,-83.75,14.4,3.0,21.0
375.0,-88.86666666666666,-90.5,-81.96666666666667,-94.0,-94.0,-90.5,-83.85,14.4,3.0,21.0
380.0,-86.66666666666667,-89.0,-82.54166666666667,-94.0,-94.0,-89.0,-84.0,14.4,3.0,21.0
385.0,-85.2,-88.0,-82.925,-94.0,-94.0,-88.0,-84.1,14.4,3.0,21.0
390.0,-83.0,-86.5,-82.60833333333333,-94.0,-94.0,-86.5,-83.55,14.4,3.0,21.0
395.0,-83.0,-86.5,-83.5,-94.0,-94.0,-86.5,-84.25,14.4,3.0,21.0
400.0,-83.0,-86.5,-83.5,-94.0,-94.0,-86.5,-84.25,14.4,3.0,21.0
405.0,-83.0,-86.5,-83.5,-94.0,-94.0,-86.5,-84.25,14.4,3.0,21.0
410.0,-83.0,-86.5,-83.5,-94.0,-94.0,-86.5,-84.25,14.4,3.0,21.0
415.0,-83.0,-86.5,-83.5,-94.0,-94.0,-86.5,-84.25,14.4,3.0,21.0
420.0,-83.0,-86.5,-83.5,-94.0,-94.0,-86.5,-84.25,14.4,3.0,21.0
425.0,-83.0,-86.5,-83.5,-94.0,-94.0,-86.5,-84.25,14.4,3.0,21.0
430.0,-83.0,-86.5,-83.5,-94.0,-94.0,-86.5,-84.25,14.4,3.0,21.0
435.0,-83.0,-86.5,-83.5,-94.0,-94.0,-86.5,-84.25,14.4,3.0,21.0
440.0,-83.0,-86.5,-83.5,-94.0,-94.0,-86.5,-84.25,14.4,3.0,21.0
445.0,-83.0,-86.5,-83.5,-94.0,-94.0,-86.5,-84.25,14.4,3.0,21.0
450.0,-83.0,-86.5,-83.5,-94.0,-94.0,-86.5,-84.25,14.4,3.0,21.0
455.0,-83.73333333333333,-87.0,-84.2,-94.0,-94.0,-87.0,-84.9,14.4,3.0,21.0
460.0,-84.36666666666666,-88.0,-84.80666666666666,-94.0,-94.0,-88.0,-85.59333333333333,14.4,3.0,21.0
465.0,-85.0,-89.0,-84.51999999999998,-94.0,-94.0,-89.0,-85.56666666666668,14.4,3.0,21.0
470.0,-87.2,-90.5,-83.93999999999998,-94.0,-94.0,-90.5,-85.35666666666667,14.4,3.0,21.0
475.0,-88.66666666666667,-91.5,-83.55333333333331,-94.0,-94.0,-91.5,-85.21666666666668,14.4,3.0,21.0
480.0,-90.86666666666666,-93.0,-83.86666666666665,-94.0,-94.0,-93.0,-85.72666666666667,14.4,3.0,21.0
485.0,-90.93333333333334,-93.5,-81.77999999999999,-94.0,-94.0,-93.5,-84.08111111111113,14.4,3.0,21.0
490.0,-90.5,-94.0,-80.27333333333333,-94.0,-94.0,-94.0,-82.77111111111113,14.4,3.0,21.0
495.0,-90.0,-94.0,-79.96000000000001,-94.0,-94.0,-94.0,-82.38666666666668,14.4,3.0,21.0
500.0,-88.0,-94.0,-79.64,-94.0,-94.0,-94.0,-81.98000000000002,14.4,3.0,21.0
505.0,-86.66666666666667,-94.0,-79.42666666666668,-94.0,-94.0,-94.0,-81.7088888888889,14.4,3.0,21.0
510.0,-84.66666666666667,-94.0,-78.21333333333334,-94.0,-94.0,-94.0,-80.58222222222224,14.4,3.0,21.0
515.0,-84.0,-94.0,-79.0,-94.0,-94.0,-94.0,-81.16666666666667,14.4,3.0,21.0
520.0,-84.0,-94.0,-79.0,-94.0,-94.0,-94.0,-81.16666666666669,14.4,3.0,21.0
525.0,-84.0,-94.0,-79.0,-94.0,-94.0,-94.0,-81.16666666666667,14.4,3.0,21.0
530.0,-84.0,-94.0,-79.0,-94.0,-94.0,-94.0,-81.16666666666669,14.4,3.0,21.0
535.0,-84.0,-94.0,-79.0,-94.0,-94.0,-94.0,-81.16666666666667,14.4,3.0,21.0
540.0,-84.0,-94.0,-79.0,-94.0,-94.0,-94.0,-81.16666666666669,14.4,3.0,21.0
545.0,-84.0,-94.0,-79.0,-94.0,-94.0,-94.0,-81.16666666666667,14.4,3.0,21.0
550.0,-84.0,-94.0,-79.0,-94.0,-94.0,-94.0,-81.16666666666669,14.4,3.0,21.0
555.0,-84.0,-94.0,-79.0,-94.0,-94.0,-94.0,-81.16666666666667,14.4,3.0,21.0
560.0,-84.0,-94.0,-79.0,-94.0,-94.0,-94.0,-81.16666666666669,14.4,3.0,21.0
565.0,-84.0,-94.0,-79.0,-94.0,-94.0,-94.0,-81.16666666666667,14.4,3.0,21.0
570.0,-84.0,-94.0,-79.0,-94.0,-94.0,-94.0,-81.16666666666669,14.4,3.0,21.0
575.0,-84.66666666666667,-94.0,-80.0,-94.0,-94.0,-94.0,-82.02222222222221,14.4,3.0,21.0
580.0,-86.0,-94.0,-81.11333333333333,-93.73333333333333,-94.0,-94.0,-83.10666666666665,14.4,3.0,21.0
585.0,-87.33333333333333,-94.0,-80.60444444444444,-93.46666666666667,-94.0,-94.0,-82.8022222222222,14.4,3.0,21.0
590.0,-89.33333333333333,-94.0,-81.17111111111109,-93.46666666666667,-94.0,-94.0,-83.28555555555553,14.4,3.0,21.0
595.0,-90.66666666666667,-94.0,-81.54888888888887,-93.46666666666667,-94.0,-94.0,-83.60777777777777,14.4,3.0,21.0
600.0,-92.66666666666667,-94.0,-82.92666666666666,-93.46666666666667,-94.0,-94.0,-84.78555555555555,14.4,3.0,21.0
605.0,-92.6,-93.73333333333333,-81.3711111111111,-93.46666666666667,-94.0,-94.0,-83.45888888888888,14.4,3.0,21.0
610.0,-91.06666666666666,-92.93333333333334,-80.45777777777779,-93.73333333333333,-94.0,-94.0,-82.56111111111109,14.4,3.0,21.0
615.0,-89.6,-92.4,-81.1,-94.0,-94.0,-94.0,-82.99,14.4,3.0,21.0
620.0,-88.13333333333334,-91.86666666666666,-81.66666666666667,-94.0,-94.0,-94.0,-83.48666666666665,14.4,3.0,21.0
625.0,-85.93333333333334,-91.06666666666666,-80.4888888888889,-94.0,-94.0,-94.0,-82.49555555555553,14.4,3.0,21.0
630.0,-83.73333333333333,-90.26666666666667,-79.31111111111112,-94.0,-94.0,-94.0,-81.50444444444443,14.4,3.0,21.0
635.0,-83.0,-90.0,-80.0,-94.0,-94.0,-94.0,-82.1,14.4,3.0,21.0
640.0,-83.0,-90.0,-80.0,-94.0,-94.0,-94.0,-82.09999999999998,14.4,3.0,21.0
645.0,-83.0,-90.0,-80.0,-94.0,-94.0,-94.0,-82.1,14.4,3.0,21.0
650.0,-82.26666666666667,-89.73333333333333,-79.06666666666666,-94.0,-94.0,-94.0,-81.30666666666666,14.4,3.0,21.0
655.0,-83.0,-90.0,-80.0,-94.0,-94.0,-94.0,-82.1,14.4,3.0,21.0
660.0,-83.0,-90.0,-80.0,-94.0,-94.0,-94.0,-82.09999999999998,14.4,3.0,21.0
665.0,-83.0,-90.0,-80.0,-94.0,-94.0,-94.0,-82.1,14.4,3.0,21.0
670.0,-83.0,-90.0,-80.0,-94.0,-94.0,-94.0,-82.09999999999998,14.4,3.0,21.0
675.0,-83.0,-90.0,-80.0,-94.0,-94.0,-94.0,-82.1,14.4,3.0,21.0
680.0,-83.0,-90.0,-80.0,-94.0,-94.0,-94.0,-82.09999999999998,14.4,3.0,21.0
685.0,-83.0,-90.0,-80.0,-94.0,-94.0,-94.0,-82.1,14.4,3.0,21.0
690.0,-83.0,-90.0,-80.0,-94.0,-94.0,-94.0,-82.09999999999998,14.4,3.0,21.0
695.0,-83.73333333333333,-90.26666666666667,-80.93333333333334,-94.0,-94.0,-94.0,-82.89333333333335,14.4,3.0,21.0
700.0,-83.66666666666667,-90.53333333333333,-80.98666666666666,-94.0,-94.0,-94.0,-83.01333333333332,14.4,3.0,21.0
705.0,-84.33333333333333,-91.06666666666666,-81.05666666666666,-94.0,-94.0,-94.0,-83.30666666666667,14.4,3.0,21.0
710.0,-86.53333333333333,-91.86666666666666,-81.10666666666665,-94.0,-94.0,-94.0,-83.82666666666668,14.4,3.0,21.0
715.0,-88.0,-92.4,-81.14,-94.0,-94.0,-94.0,-84.17333333333335,14.4,3.0,21.0
720.0,-90.2,-93.2,-81.19,-94.0,-94.0,-94.0,-84.69333333333334,14.4,3.0,21.0
725.0,-90.93333333333334,-93.46666666666667,-81.20666666666666,-94.0,-94.0,-94.0,-84.86666666666666,14.4,3.0,21.0
730.0,-90.7,-94.0,-80.33666666666666,-94.0,-94.0,-94.0,-84.49000000000002,14.4,3.0,21.0
735.0,-89.83333333333333,-94.0,-80.33333333333333,-94.0,-94.0,-94.0,-84.4388888888889,14.4,3.0,21.0
740.0,-87.33333333333333,-94.0,-80.38333333333334,-94.0,-94.0,-94.0,-84.28222222222225,14.4,3.0,21.0
745.0,-85.66666666666667,-94.0,-80.41666666666667,-94.0,-94.0,-94.0,-84.17777777777778,14.4,3.0,21.0
750.0,-83.16666666666667,-94.0,-80.46666666666667,-94.0,-94.0,-94.0,-84.02111111111113,14.4,3.0,21.0
755.0,-81.5,-94.0,-79.58333333333333,-94.0,-94.0,-94.0,-83.29666666666668,14.4,3.0,21.0
760.0,-81.5,-94.0,-80.5,-94.0,-94.0,-94.0,-83.91666666666669,14.4,3.0,21.0
765.0,-81.5,-94.0,-80.5,-94.0,-94.0,-94.0,-83.91666666666669,14.4,3.0,21.0
770.0,-81.5,-94.0,-80.5,-94.0,-94.0,-94.0,-83.91666666666669,14.4,3.0,21.0
775.0,-81.5,-94.0,-80.5,-94.0,-94.0,-94.0,-83.91666666666669,14.4,3.0,21.0
780.0,-81.5,-94.0,-80.5,-94.0,-94.0,-94.0,-83.91666666666669,14.4,3.0,21.0
785.0,-81.5,-94.0,-80.5,-94.0,-94.0,-94.0,-83.91666666666669,14.4,3.0,21.0
790.0,-81.5,-94.0,-80.5,-94.0,-94.0,-94.0,-83.91666666666669,14.4,3.0,21.0
795.0,-81.5,-94.0,-80.5,-94.0,-94.0,-94.0,-83.91666666666669,14.4,3.0,21.0
800.0,-81.5,-94.0,-80.5,-94.0,-94.0,-94.0,-83.91666666666669,14.4,3.0,21.0
805.0,-81.5,-94.0,-80.5,-94.0,-94.0,-94.0,-83.91666666666669,14.4,3.0,21.0
810.0,-81.5,-94.0,-80.5,-94.0,-94.0,-94.0,-83.91666666666669,14.4,3.0,21.0
815.0,-81.5,-94.0,-80.5,-94.0,-94.0,-94.0,-83.91666666666669,14.4,3.0,21.0
820.0,-82.33333333333333,-94.0,-81.4,-94.0,-94.0,-94.0,-84.5888888888889,14.4,3.0,21.0
825.0,-84.0,-94.0,-82.38666666666667,-94.0,-94.0,-94.0,-85.21333333333334,14.4,3.0,21.0
830.0,-86.5,-93.33333333333333,-81.60999999999999,-94.0,-94.0,-94.0,-84.48333333333335,14.4,3.0,21.0
835.0,-88.16666666666667,-92.66666666666667,-81.56,-94.0,-94.0,-94.0,-84.52111111111111,14.4,3.0,21.0
840.0,-90.66666666666667,-91.66666666666667,-81.485,-94.0,-94.0,-94.0,-84.57777777777778,14.4,3.0,21.0
845.0,-92.33333333333333,-91.33333333333333,-82.36,-94.0,-94.0,-94.0,-85.26888888888888,14.4,3.0,21.0
850.0,-91.5,-91.0,-80.46000000000001,-94.0,-94.0,-94.0,-83.91000000000001,14.4,3.0,21.0
855.0,-89.83333333333333,-91.0,-79.42333333333333,-94.0,-94.0,-94.0,-83.26333333333334,14.4,3.0,21.0
860.0,-87.33333333333333,-91.66666666666667,-80.125,-94.0,-94.0,-94.0,-83.96000000000001,14.4,3.0,21.0
865.0,-85.66666666666667,-92.33333333333333,-80.125,-94.0,-94.0,-94.0,-83.9,14.4,3.0,21.0
870.0,-83.16666666666667,-93.33333333333333,-80.125,-94.0,-94.0,-94.0,-83.81,14.4,3.0,21.0
875.0,-81.5,-93.66666666666667,-79.2,-94.0,-94.0,-94.0,-83.09666666666666,14.4,3.0,21.0
880.0,-81.5,-94.0,-80.125,-94.0,-94.0,-94.0,-83.75,14.4,3.0,21.0
885.0,-81.5,-94.0,-80.125,-94.0,-94.0,-94.0,-83.75,14.4,3.0,21.0
890.0,-81.5,-94.0,-80.125,-94.0,-94.0,-94.0,-83.75,14.4,3.0,21.0
895.0,-81.5,-94.0,-80.125,-94.0,-94.0,-94.0,-83.75,14.4,3.0,21.0
900.0,-81.5,-94.0,-80.125,-94.0,-94.0,-94.0,-83.75,14.4,3.0,21.0
905.0,-81.5,-94.0,-80.125,-94.0,-94.0,-94.0,-83.75,14.4,3.0,21.0
910.0,-81.5,-94.0,-80.125,-94.0,-94.0,-94.0,-83.75,14.4,3.0,21.0
915.0,-81.5,-94.0,-80.125,-94.0,-94.0,-94.0,-83.75,14.4,3.0,21.0
920.0,-81.5,-94.0,-80.125,-94.0,-94.0,-94.0,-83.75,14.4,3.0,21.0
925.0,-81.5,-94.0,-80.125,-94.0,-94.0,-94.0,-83.75,14.4,3.0,21.0
930.0,-81.5,-94.0,-80.125,-94.0,-94.0,-94.0,-83.75,14.4,3.0,21.0
935.0,-81.5,-94.0,-80.125,-94.0,-94.0,-94.0,-83.75,14.4,3.0,21.0
940.0,-82.33333333333333,-94.0,-81.05,-94.0,-94.0,-94.0,-84.43333333333334,14.4,3.0,21.0
945.0,-82.3,-94.0,-80.99166666666666,-94.0,-94.0,-93.96666666666667,-84.58333333333333,14.4,3.0,21.0
950.0,-83.93333333333334,-93.86666666666666,-81.52999999999999,-94.0,-94.0,-93.93333333333334,-84.68666666666668,14.4,3.0,21.0
955.0,-85.6,-93.73333333333333,-82.12666666666665,-94.0,-94.0,-93.93333333333334,-84.64000000000001,14.4,3.0,21.0
960.0,-88.1,-93.53333333333333,-83.02166666666666,-94.0,-94.0,-93.93333333333334,-84.57000000000001,14.4,3.0,21.0
965.0,-89.76666666666667,-93.46666666666667,-84.24499999999999,-94.0,-94.0,-93.93333333333334,-85.23,14.4,3.0,21.0
970.0,-89.56666666666666,-93.33333333333333,-83.05833333333332,-94.0,-94.0,-93.93333333333334,-83.95666666666668,14.4,3.0,21.0
975.0,-89.4,-93.33333333333333,-83.18333333333334,-94.0,-94.0,-93.96666666666667,-83.94666666666666,14.4,3.0,21.0
980.0,-87.46666666666667,-93.46666666666667,-82.74499999999999,-94.0,-94.0,-94.0,-84.05333333333333,14.4,3.0,21.0
985.0,-85.6,-93.6,-82.21499999999999,-94.0,-94.0,-94.0,-84.24,14.4,3.0,21.0
990.0,-82.8,-93.8,-81.42,-94.0,-94.0,-94.0,-84.52,14.4,3.0,21.0
995.0,-80.93333333333334,-93.86666666666666,-80.26333333333334,-94.0,-94.0,-94.0,-83.99999999999999,14.4,3.0,21.0
1000.0,-80.0,-94.0,-80.625,-94.0,-94.0,-94.0,-84.79999999999998,14.4,3.0,21.0
1005.0,-80.0,-94.0,-80.625,-94.0,-94.0,-94.0,-84.79999999999998,14.4,3.0,21.0
1010.0,-80.0,-94.0,-80.625,-94.0,-94.0,-94.0,-84.79999999999998,14.4,3.0,21.0
1015.0,-80.0,-94.0,-80.625,-94.0,-94.0,-94.0,-84.79999999999998,14.4,3.0,21.0
1020.0,-80.0,-94.0,-80.625,-94.0,-94.0,-94.0,-84.79999999999998,14.4,3.0,21.0
1025.0,-80.0,-94.0,-80.625,-94.0,-94.0,-94.0,-84.79999999999998,14.4,3.0,21.0
1030.0,-80.0,-94.0,-80.625,-94.0,-94.0,-94.0,-84.79999999999998,14.4,3.0,21.0
1035.0,-80.0,-94.0,-80.625,-94.0,-94.0,-94.0,-84.79999999999998,14.4,3.0,21.0
1040.0,-80.0,-94.0,-80.625,-94.0,-94.0,-94.0,-84.79999999999998,14.4,3.0,21.0
1045.0,-80.0,-94.0,-80.625,-94.0,-94.0,-94.0,-84.79999999999998,14.4,3.0,21.0
1050.0,-80.0,-94.0,-80.625,-94.0,-94.0,-94.0,-84.79999999999998,14.4,3.0,21.0
1055.0,-80.0,-94.0,-80.625,-94.0,-94.0,-94.0,-84.79999999999998,14.4,3.0,21.0
1060.0,-80.93333333333334,-94.0,-81.51666666666667,-94.0,-94.0,-94.0,-85.41333333333333,14.4,3.0,21.0
1065.0,-80.93333333333334,-93.53333333333333,-80.56666666666666,-94.0,-94.0,-94.0,-84.74666666666666,14.4,3.0,21.0
1070.0,-83.73333333333333,-93.06666666666666,-82.29166666666667,-94.0,-94.0,-94.0,-85.92,14.4,3.0,21.0
1075.0,-83.3,-91.66666666666667,-81.14166666666665,-94.0,-94.0,-92.7,-86.24666666666667,14.4,3.0,21.0
1080.0,-83.8,-90.26666666666667,-80.88333333333331,-94.0,-94.0,-91.4,-87.18666666666667,14.4,3.0,21.0
1085.0,-84.9,-89.8,-81.68888888888888,-94.0,-94.0,-90.96666666666667,-88.11333333333332,14.4,3.0,21.0
1090.0,-85.23333333333333,-87.93333333333334,-79.63333333333334,-94.0,-94.0,-89.23333333333333,-87.5,14.4,3.0,21.0
1095.0,-87.1,-87.46666666666667,-80.48333333333333,-94.0,-94.0,-88.36666666666666,-88.15333333333335,14.4,3.0,21.0
1100.0,-87.1,-86.53333333333333,-78.60833333333333,-94.0,-94.0,-87.06666666666666,-86.96000000000001,14.4,3.0,21.0
1105.0,-89.4,-87.0,-79.65833333333333,-94.0,-94.0,-87.5,-86.61999999999999,14.4,3.0,21.0
1110.0,-91.7,-87.0,-79.76666666666667,-94.0,-94.0,-87.5,-85.66000000000001,14.4,3.0,21.0
1115.0,-92.46666666666667,-86.53333333333333,-78.86111111111111,-94.0,-94.0,-87.06666666666666,-84.72000000000001,14.4,3.0,21.0
1120.0,-94.0,-87.0,-79.875,-94.0,-94.0,-87.5,-84.70000000000002,14.4,3.0,21.0
1125.0,-94.0,-87.0,-79.875,-94.0,-94.0,-87.5,-84.70000000000002,14.4,3.0,21.0
1130.0,-94.0,-87.0,-79.875,-94.0,-94.0,-87.5,-84.70000000000002,14.4,3.0,21.0
1135.0,-94.0,-87.0,-79.875,-94.0,-94.0,-87.5,-84.70000000000002,14.4,3.0,21.0
